iteration,origin,mode,object,round,pregrasp_distance_m,grasp_end_distance_m,hand_joint_movement_rad,height_gain_m,source_success,strict_success,lift_arm_target_residual_rad,lift_max_hand_target_drift_rad,grasp_end_contact_bodies,lift_final_retained_bodies,grasp_object_contact_steps,grasp_top_contact_steps,grasp_bottom_contact_steps,grasp_table_contact_steps,grasp_two_plus_contacts_steps,grasp_three_plus_contacts_steps,grasp_thumb_index_steps,grasp_thumb_middle_steps,grasp_thumb_ring_steps,grasp_thumb_multiple_steps,grasp_top_peak_N,grasp_bottom_peak_N,grasp_table_peak_N,grasp_max_simultaneous_bodies,grasp_max_simultaneous_fingertips,grasp_longest_body_contact_s,grasp_longest_any_contact_s,grasp_arm_raw_action_mean_abs,grasp_hand_raw_action_mean_abs,grasp_max_height_gain_m,lift_object_contact_steps,lift_top_contact_steps,lift_bottom_contact_steps,lift_table_contact_steps,lift_two_plus_contacts_steps,lift_three_plus_contacts_steps,lift_thumb_index_steps,lift_thumb_middle_steps,lift_thumb_ring_steps,lift_thumb_multiple_steps,lift_top_peak_N,lift_bottom_peak_N,lift_table_peak_N,lift_max_simultaneous_bodies,lift_max_simultaneous_fingertips,lift_longest_body_contact_s,lift_longest_any_contact_s,lift_arm_raw_action_mean_abs,lift_hand_raw_action_mean_abs,lift_max_height_gain_m,lift_contact_retention_fraction,lift_same_body_retention_fraction
100,obsfix,A,DrinkBottle_blue_1ef,1,0.13479015231132507,0.014547728933393955,0.1710323691368103,-0.0005373954772949219,False,False,0.0020096302032470703,0.10045786947011948,0,0,0,0,0,0,0,0,0,0,0,0,0.0,0.0,0.0,0,0,0.0,0.0,0.29434680938720703,0.19943992296854654,0.00099104642868042,0,0,0,0,0,0,0,0,0,0,0.0,0.0,0.0,0,0,0.0,0.0,4.074986012776693,0.17921895980834962,-0.0004578232765197754,,
100,obsfix,A,Camera_brown,1,0.12005562335252762,0.017206333577632904,0.19008338451385498,-0.0010297894477844238,False,False,0.0020101070404052734,0.09756360948085785,0,0,0,0,0,0,0,0,0,0,0,0,0.0,0.0,0.0,0,0,0.0,0.0,0.24040843645731608,0.205852206548055,-0.0006417632102966309,0,0,0,0,0,0,0,0,0,0,0.0,0.0,0.0,0,0,0.0,0.0,4.434757995605469,0.16407647132873535,-0.0010173320770263672,,
100,obsfix,A,Knife,1,0.13487347960472107,0.015704896301031113,0.18812061846256256,-0.004187345504760742,False,False,0.0020096302032470703,0.10226042568683624,0,0,0,0,0,0,0,0,0,0,0,0,0.0,0.0,0.0,0,0,0.0,0.0,0.27545480728149413,0.20900851885477703,-0.000769495964050293,0,0,0,0,0,0,0,0,0,0,0.0,0.0,0.0,0,0,0.0,0.0,3.5761138916015627,0.17410346666971843,-0.003725886344909668,,
100,obsfix,A,Mug_yellow_18,1,0.12347521632909775,0.019981907680630684,0.30434924364089966,-0.00016105175018310547,False,False,0.0020112991333007812,0.15464900434017181,2,0,122,122,0,0,105,0,0,0,0,0,32.44565200805664,0.0,0.0,2,1,2.033333333333333,2.033333333333333,0.24140486717224122,0.24456591606140138,0.00023663043975830078,0,0,0,0,0,0,0,0,0,0,0.0,0.0,0.0,0,0,0.0,0.0,4.636237080891927,0.2843534787495931,0.00021201372146606445,0.0,0.0
100,obsfix,A,Purse_red_f58,1,0.12390392273664474,0.014502337202429771,0.22832992672920227,-0.06127959489822388,False,False,0.0020104646682739258,0.13671280443668365,0,0,0,0,0,0,0,0,0,0,0,0,0.0,0.0,0.0,0,0,0.0,0.0,0.2176267941792806,0.2477294921875,-0.0002722740173339844,0,0,0,0,0,0,0,0,0,0,0.0,0.0,0.0,0,0,0.0,0.0,2.2971336364746096,0.17935314178466796,-0.061279475688934326,,
100,obsfix,A,Red_bottle,1,0.0937972441315651,0.059635329991579056,0.08219197392463684,-0.06394147872924805,False,False,0.0020089149475097656,0.19077414274215698,0,0,0,0,0,0,0,0,0,0,0,0,0.0,0.0,0.0,0,0,0.0,0.0,0.4529918988545736,0.22504863739013672,0.0008244514465332031,14,14,0,0,0,0,0,0,0,0,1.8489317893981934,0.0,0.0,1,1,0.08333333333333333,0.08333333333333333,19.406146240234374,0.2146242618560791,0.0035309791564941406,,
100,obsfix,A,WineGlass_gray_9d,1,0.1348065733909607,0.01762373559176922,0.16217467188835144,-0.0009493827819824219,False,False,0.0020093917846679688,0.11634058505296707,2,0,123,123,0,0,37,0,0,0,0,0,15.234016418457031,0.0,0.0,2,2,1.2833333333333332,1.7,0.28646761576334634,0.1991582711537679,0.0019797086715698242,0,0,0,0,0,0,0,0,0,0,0.0,0.0,0.0,0,0,0.0,0.0,4.917271423339844,0.1720657189687093,-0.0009404420852661133,0.0,0.0
100,obsfix,A,CellPhone_4e,1,0.08414603024721146,0.014974221587181091,0.20045360922813416,-0.05541723966598511,False,False,0.0020096302032470703,0.10895945131778717,1,0,7,7,0,0,0,0,0,0,0,0,29.6221923828125,0.0,0.0,1,0,0.11666666666666667,0.11666666666666667,0.22035640080769855,0.2254356543223063,-0.0004146695137023926,0,0,0,0,0,0,0,0,0,0,0.0,0.0,0.0,0,0,0.0,0.0,3.7531275431315105,0.1526344935099284,-0.05425906181335449,0.0,0.0
100,obsfix,A,Teapot_blue_high_3d2,1,0.11711526662111282,0.021637609228491783,0.14969751238822937,-0.05346435308456421,False,False,0.0020093917846679688,0.10773083567619324,0,0,0,0,0,0,0,0,0,0,0,0,0.0,0.0,0.0,0,0,0.0,0.0,0.2711338996887207,0.20213891665140787,-0.00045567750930786133,0,0,0,0,0,0,0,0,0,0,0.0,0.0,0.0,0,0,0.0,0.0,3.473253122965495,0.15834217071533202,-0.04861181974411011,,
100,obsfix,A,Gun,1,0.12197545915842056,0.019294528290629387,0.33791443705558777,-0.0013580322265625,False,False,0.0020099878311157227,0.07938481867313385,0,0,0,0,0,0,0,0,0,0,0,0,0.0,0.0,0.0,0,0,0.0,0.0,0.24163742065429689,0.19918042818705242,-0.0008492469787597656,0,0,0,0,0,0,0,0,0,0,0.0,0.0,0.0,0,0,0.0,0.0,6.354939778645833,0.1608913580576579,-0.0013412833213806152,,
100,obsfix,A,Donut,1,0.13184668123722076,0.019074663519859314,0.15751102566719055,-1.1920928955078125e-07,False,False,0.002010345458984375,0.1311781108379364,0,0,0,0,0,0,0,0,0,0,0,0,0.0,0.0,0.0,0,0,0.0,0.0,0.28398364384969077,0.21447855631510418,-5.960464477539063e-08,0,0,0,0,0,0,0,0,0,0,0.0,0.0,0.0,0,0,0.0,0.0,3.7530001322428386,0.1663969039916992,-5.960464477539063e-08,,
100,obsfix,A,Plate_gold_69,1,0.11746063083410263,0.01336769200861454,0.2302228957414627,-0.045734524726867676,False,False,0.0020104646682739258,0.10096333920955658,0,0,0,0,0,0,0,0,0,0,0,0,0.0,0.0,0.0,0,0,0.0,0.0,0.25399168332417804,0.20769728024800618,-2.8371810913085938e-05,0,0,0,0,0,0,0,0,0,0,0.0,0.0,0.0,0,0,0.0,0.0,4.218380228678385,0.1538363774617513,-0.04186755418777466,,
100,obsfix,A,Red_scissor,1,0.13182136416435242,0.020636236295104027,0.0737568736076355,-2.980232238769531e-07,False,False,0.0020090341567993164,0.15970925986766815,0,0,0,0,0,0,0,0,0,0,0,0,0.0,0.0,0.0,0,0,0.0,0.0,0.11870378653208415,0.19490338961283366,4.470348358154297e-06,0,0,0,0,0,0,0,0,0,0,0.0,0.0,0.0,0,0,0.0,0.0,9.10581563313802,0.18525573412577312,-5.960464477539063e-08,,
100,obsfix,A,Mug_gray_d7,1,0.12530727684497833,0.016328701749444008,0.13033440709114075,-0.003560185432434082,False,False,0.0020102262496948242,0.13070541620254517,0,0,53,53,0,0,14,0,0,0,0,0,11.995694160461426,0.0,0.0,2,1,0.3333333333333333,0.3333333333333333,0.24383893013000488,0.21058200200398763,-8.344650268554688e-06,0,0,0,0,0,0,0,0,0,0,0.0,0.0,0.0,0,0,0.0,0.0,4.276111348470052,0.1620496431986491,-0.0034499764442443848,,
100,obsfix,A,Stapler_gray_d9,1,0.13858290016651154,0.01477804034948349,0.15019890666007996,-0.0012380480766296387,False,False,0.002010345458984375,0.13833382725715637,0,0,0,0,0,0,0,0,0,0,0,0,0.0,0.0,0.0,0,0,0.0,0.0,0.28462336858113607,0.22080771128336588,-0.00022453069686889648,0,0,0,0,0,0,0,0,0,0,0.0,0.0,0.0,0,0,0.0,0.0,2.9749554951985675,0.17539286613464355,-0.0012379884719848633,,
100,obsfix,A,Blue_teapot,1,0.11714622378349304,0.05383532866835594,0.08635473251342773,-0.061926841735839844,False,False,0.0020089149475097656,0.17500238120555878,0,0,0,0,0,0,0,0,0,0,0,0,0.0,0.0,0.0,0,0,0.0,0.0,0.41143544514973956,0.20197490056355794,-2.86102294921875e-06,0,0,0,0,0,0,0,0,0,0,0.0,0.0,0.0,0,0,0.0,0.0,19.76746826171875,0.19202237129211425,-0.06150209903717041,,
100,obsfix,A,Purse_brown_d58,1,0.12368395924568176,0.047773685306310654,0.08430737257003784,-0.041165292263031006,False,False,0.0020095109939575195,0.18829749524593353,0,0,0,0,0,0,0,0,0,0,0,0,0.0,0.0,0.0,0,0,0.0,0.0,0.4122081120808919,0.21188381512959797,0.00048160552978515625,1,1,0,0,0,0,0,0,0,0,2.107450008392334,0.0,0.0,1,1,0.016666666666666666,0.016666666666666666,19.270937093098958,0.20583484967549642,0.0014715194702148438,,
100,obsfix,A,Wine_glass2_1_blue,1,0.1042587012052536,0.13368049263954163,0.2106226086616516,-0.0036287903785705566,False,False,0.002010822296142578,0.08925634622573853,0,0,0,0,0,0,0,0,0,0,0,0,0.0,0.0,0.0,0,0,0.0,0.0,0.36187817255655924,0.2095771630605062,-0.0006167292594909668,0,0,0,0,0,0,0,0,0,0,0.0,0.0,0.0,0,0,0.0,0.0,4.345317586263021,0.20537362098693848,-0.0036284327507019043,,
100,obsfix,A,Mug_8b_red,1,0.1257658302783966,0.016201557591557503,0.2728216052055359,-0.007894933223724365,False,False,0.0020102262496948242,0.05007362365722656,1,0,101,101,0,0,55,24,25,24,0,24,13.706862449645996,0.0,0.0,3,3,1.6833333333333333,1.6833333333333333,0.17817589441935222,0.20015926361083985,-0.00045746564865112305,6,6,0,0,0,0,0,0,0,0,5.943373680114746,0.0,0.0,1,1,0.1,0.1,5.175188700358073,0.13039690653483074,0.002261340618133545,0.05,0.0
100,obsfix,A,Bear_34,1,0.1080009862780571,0.03784576430916786,0.09729285538196564,-0.03105461597442627,False,False,0.0020078420639038086,0.16786065697669983,0,0,0,0,0,0,0,0,0,0,0,0,0.0,0.0,0.0,0,0,0.0,0.0,0.265519905090332,0.24199403127034505,-0.00036472082138061523,0,0,0,0,0,0,0,0,0,0,0.0,0.0,0.0,0,0,0.0,0.0,21.64466552734375,0.23164178530375162,-0.02908843755722046,,
100,obsfix,A,Camera_yellow,1,0.11059878021478653,0.016559576615691185,0.07629767805337906,-0.04908120632171631,False,False,0.0020089149475097656,0.1139465719461441,1,0,56,56,0,0,19,0,0,0,0,0,42.69430923461914,0.0,0.0,2,1,0.4,0.4,0.21589288711547852,0.2205116589864095,0.0014774203300476074,1,1,0,0,0,0,0,0,0,0,0.9727572798728943,0.0,0.0,1,1,0.016666666666666666,0.016666666666666666,3.374900054931641,0.16902998288472493,-0.022670507431030273,0.008333333333333333,0.008333333333333333
100,obsfix,A,Hammer_40,1,0.1285119354724884,0.01769077405333519,0.0993163138628006,-0.011694371700286865,False,False,0.0020084381103515625,0.09492307901382446,2,0,112,112,0,0,49,1,0,0,0,0,61.24419403076172,0.0,0.0,3,1,0.8833333333333333,1.6833333333333333,0.22033270200093588,0.21947301228841146,-0.0001315474510192871,9,9,0,0,0,0,0,0,0,0,0.6702288389205933,0.0,0.0,1,1,0.08333333333333333,0.08333333333333333,3.5185523986816407,0.23124125798543294,-0.01155000925064087,0.075,0.03333333333333333
100,obsfix,A,Black_mug,1,0.0979863852262497,0.016350559890270233,0.21836718916893005,-1.1920928955078125e-07,False,False,0.0020107030868530273,0.14644312858581543,0,0,0,0,0,0,0,0,0,0,0,0,0.0,0.0,0.0,0,0,0.0,0.0,0.3517197291056315,0.19745635986328125,0.005538463592529297,0,0,0,0,0,0,0,0,0,0,0.0,0.0,0.0,0,0,0.0,0.0,5.284358723958333,0.20524230003356933,0.0003173351287841797,,
100,obsfix,A,Teapot_brown,1,0.12715159356594086,0.028447924181818962,0.07315531373023987,-0.022340714931488037,False,False,0.0020085573196411133,0.09091518819332123,0,0,0,0,0,0,0,0,0,0,0,0,0.0,0.0,0.0,0,0,0.0,0.0,0.28036012649536135,0.21962920824686685,-3.921985626220703e-05,0,0,0,0,0,0,0,0,0,0,0.0,0.0,0.0,0,0,0.0,0.0,4.036126708984375,0.1798057715098063,-0.02234053611755371,,
100,obsfix,A,Wine_glass_body_blue,1,0.1004960685968399,0.08166549354791641,0.08438393473625183,-0.044604599475860596,False,False,0.002008676528930664,0.09145534038543701,0,0,0,0,0,0,0,0,0,0,0,0,0.0,0.0,0.0,0,0,0.0,0.0,0.28090092341105144,0.2177577018737793,-0.00014197826385498047,0,0,0,0,0,0,0,0,0,0,0.0,0.0,0.0,0,0,0.0,0.0,3.8068364461263022,0.19390664100646973,-0.04344487190246582,,
100,obsfix,A,Red_chair,1,0.09118010103702545,0.01793370582163334,0.07379159331321716,-2.384185791015625e-07,False,False,0.0020089149475097656,0.11462339758872986,2,0,55,55,0,0,53,0,0,0,0,0,46.280555725097656,0.0,0.0,2,1,0.9166666666666666,0.9166666666666666,0.22350281079610188,0.2133229414621989,0.0004068613052368164,0,0,0,0,0,0,0,0,0,0,0.0,0.0,0.0,0,0,0.0,0.0,4.350954182942709,0.1993313153584798,0.00020778179168701172,0.0,0.0
100,obsfix,A,Watch_9f,1,0.123867467045784,0.01673736795783043,0.2590652108192444,-0.03860229253768921,False,False,0.0020093917846679688,0.09470576792955399,0,0,0,0,0,0,0,0,0,0,0,0,0.0,0.0,0.0,0,0,0.0,0.0,0.2656058152516683,0.22362338701883952,-4.45246696472168e-05,0,0,0,0,0,0,0,0,0,0,0.0,0.0,0.0,0,0,0.0,0.0,3.530524190266927,0.15886575380961102,-0.0368078351020813,,
100,obsfix,A,Pan_gray,1,0.1058550775051117,0.03338795155286789,0.10725967586040497,-0.04948019981384277,False,False,0.0020089149475097656,0.0915035754442215,0,0,0,0,0,0,0,0,0,0,0,0,0.0,0.0,0.0,0,0,0.0,0.0,0.3370265324910482,0.2267590363820394,-9.47713851928711e-06,0,0,0,0,0,0,0,0,0,0,0.0,0.0,0.0,0,0,0.0,0.0,3.2283976236979166,0.1948191483815511,-0.04947996139526367,,
100,obsfix,A,Blue_camera,1,0.12844276428222656,0.017632506787776947,0.1480833888053894,-2.384185791015625e-07,False,False,0.0020099878311157227,0.08927348256111145,0,0,0,0,0,0,0,0,0,0,0,0,0.0,0.0,0.0,0,0,0.0,0.0,0.26604018211364744,0.2043569246927897,2.980232238769531e-07,0,0,0,0,0,0,0,0,0,0,0.0,0.0,0.0,0,0,0.0,0.0,5.166640218098959,0.16380308469136556,-5.960464477539063e-08,,
100,obsfix,A,Vase_red_a1,1,0.13452108204364777,0.012576366774737835,0.1843438744544983,-0.0015830397605895996,False,False,0.002009749412536621,0.09160187840461731,1,0,51,51,0,0,0,0,0,0,0,0,24.361316680908203,0.0,0.0,1,1,0.85,0.85,0.2526251792907715,0.20279669761657715,0.0015932917594909668,0,0,0,0,0,0,0,0,0,0,0.0,0.0,0.0,0,0,0.0,0.0,3.7129915873209636,0.17230916023254395,0.0015687346458435059,0.0,0.0
100,obsfix,B,DrinkBottle_blue_1ef,1,0.13479015231132507,0.014547728933393955,0.1710323691368103,-0.0005373358726501465,False,False,0.0020093917846679688,0.0,0,0,0,0,0,0,0,0,0,0,0,0,0.0,0.0,0.0,0,0,0.0,0.0,0.29434680938720703,0.19943992296854654,0.00099104642868042,0,0,0,0,0,0,0,0,0,0,0.0,0.0,0.0,0,0,0.0,0.0,4.075142923990885,0.17921895980834962,-0.0004252791404724121,,
100,obsfix,B,Camera_brown,1,0.12005562335252762,0.017206333577632904,0.19008338451385498,-0.0010298490524291992,False,False,0.0020105838775634766,0.0,0,0,0,0,0,0,0,0,0,0,0,0,0.0,0.0,0.0,0,0,0.0,0.0,0.24040843645731608,0.205852206548055,-0.0006417632102966309,0,0,0,0,0,0,0,0,0,0,0.0,0.0,0.0,0,0,0.0,0.0,4.435223388671875,0.16407647132873535,-0.0010179877281188965,,
100,obsfix,B,Knife,1,0.13487347960472107,0.015704896301031113,0.18812061846256256,-0.004187107086181641,False,False,0.0020095109939575195,0.0,0,0,0,0,0,0,0,0,0,0,0,0,0.0,0.0,0.0,0,0,0.0,0.0,0.27545480728149413,0.20900851885477703,-0.000769495964050293,0,0,0,0,0,0,0,0,0,0,0.0,0.0,0.0,0,0,0.0,0.0,3.576818084716797,0.17410346666971843,-0.0037263035774230957,,
100,obsfix,B,Mug_yellow_18,1,0.12347521632909775,0.019981907680630684,0.30434924364089966,-0.00016105175018310547,False,False,0.002011895179748535,0.0,2,0,122,122,0,0,105,0,0,0,0,0,32.44565200805664,0.0,0.0,2,1,2.033333333333333,2.033333333333333,0.24140486717224122,0.24456591606140138,0.00023663043975830078,0,0,0,0,0,0,0,0,0,0,0.0,0.0,0.0,0,0,0.0,0.0,4.638962809244791,0.2843534787495931,0.0002117753028869629,0.0,0.0
100,obsfix,B,Purse_red_f58,1,0.12390392273664474,0.014502337202429771,0.22832992672920227,-0.06127959489822388,False,False,0.0020102262496948242,0.0,0,0,0,0,0,0,0,0,0,0,0,0,0.0,0.0,0.0,0,0,0.0,0.0,0.2176267941792806,0.2477294921875,-0.0002722740173339844,0,0,0,0,0,0,0,0,0,0,0.0,0.0,0.0,0,0,0.0,0.0,2.2952006022135416,0.17935314178466796,-0.061279475688934326,,
100,obsfix,B,Red_bottle,1,0.0937972441315651,0.059635329991579056,0.08219197392463684,-0.06422543525695801,False,False,0.002008199691772461,0.0,0,0,0,0,0,0,0,0,0,0,0,0,0.0,0.0,0.0,0,0,0.0,0.0,0.4529918988545736,0.22504863739013672,0.0008244514465332031,17,17,0,0,0,0,0,0,0,0,1.4274591207504272,0.0,0.0,1,1,0.11666666666666667,0.11666666666666667,19.404538981119792,0.2146242618560791,0.003613591194152832,,
100,obsfix,B,WineGlass_gray_9d,1,0.1348065733909607,0.01762373559176922,0.16217467188835144,-0.0009489059448242188,False,False,0.0020095109939575195,0.0,2,0,123,123,0,0,37,0,0,0,0,0,15.234016418457031,0.0,0.0,2,2,1.2833333333333332,1.7,0.28646761576334634,0.1991582711537679,0.0019797086715698242,0,0,0,0,0,0,0,0,0,0,0.0,0.0,0.0,0,0,0.0,0.0,4.91768798828125,0.1720657189687093,-0.0009388923645019531,0.0,0.0
100,obsfix,B,CellPhone_4e,1,0.08414603024721146,0.014974221587181091,0.20045360922813416,-0.05541718006134033,False,False,0.002009749412536621,0.0,1,0,7,7,0,0,0,0,0,0,0,0,29.6221923828125,0.0,0.0,1,0,0.11666666666666667,0.11666666666666667,0.22035640080769855,0.2254356543223063,-0.0004146695137023926,0,0,0,0,0,0,0,0,0,0,0.0,0.0,0.0,0,0,0.0,0.0,3.7547950744628906,0.1526344935099284,-0.05425393581390381,0.0,0.0
100,obsfix,B,Teapot_blue_high_3d2,1,0.11711526662111282,0.021637609228491783,0.14969751238822937,-0.053463876247406006,False,False,0.002009153366088867,0.0,0,0,0,0,0,0,0,0,0,0,0,0,0.0,0.0,0.0,0,0,0.0,0.0,0.2711338996887207,0.20213891665140787,-0.00045567750930786133,0,0,0,0,0,0,0,0,0,0,0.0,0.0,0.0,0,0,0.0,0.0,3.4713399251302084,0.15834217071533202,-0.04859113693237305,,
100,obsfix,B,Gun,1,0.12197545915842056,0.019294528290629387,0.33791443705558777,-0.0013579726219177246,False,False,0.0020102262496948242,0.0,0,0,0,0,0,0,0,0,0,0,0,0,0.0,0.0,0.0,0,0,0.0,0.0,0.24163742065429689,0.19918042818705242,-0.0008492469787597656,0,0,0,0,0,0,0,0,0,0,0.0,0.0,0.0,0,0,0.0,0.0,6.354378763834635,0.1608913580576579,-0.0013409852981567383,,
100,obsfix,B,Donut,1,0.13184668123722076,0.019074663519859314,0.15751102566719055,-1.1920928955078125e-07,False,False,0.0020101070404052734,0.0,0,0,0,0,0,0,0,0,0,0,0,0,0.0,0.0,0.0,0,0,0.0,0.0,0.28398364384969077,0.21447855631510418,-5.960464477539063e-08,0,0,0,0,0,0,0,0,0,0,0.0,0.0,0.0,0,0,0.0,0.0,3.7531509399414062,0.1663969039916992,-5.960464477539063e-08,,
100,obsfix,B,Plate_gold_69,1,0.11746063083410263,0.01336769200861454,0.2302228957414627,-0.04573488235473633,False,False,0.0020104646682739258,0.0,0,0,0,0,0,0,0,0,0,0,0,0,0.0,0.0,0.0,0,0,0.0,0.0,0.25399168332417804,0.20769728024800618,-2.8371810913085938e-05,0,0,0,0,0,0,0,0,0,0,0.0,0.0,0.0,0,0,0.0,0.0,4.217067718505859,0.1538363774617513,-0.041909098625183105,,
100,obsfix,B,Red_scissor,1,0.13182136416435242,0.020636236295104027,0.0737568736076355,-4.76837158203125e-07,False,False,0.002008795738220215,0.0,0,0,0,0,0,0,0,0,0,0,0,0,0.0,0.0,0.0,0,0,0.0,0.0,0.11870378653208415,0.19490338961283366,4.470348358154297e-06,0,0,0,0,0,0,0,0,0,0,0.0,0.0,0.0,0,0,0.0,0.0,9.105552164713542,0.18525573412577312,-5.960464477539063e-08,,
100,obsfix,B,Mug_gray_d7,1,0.12530727684497833,0.016328701749444008,0.13033440709114075,-0.003560304641723633,False,False,0.002009868621826172,0.0,0,0,53,53,0,0,14,0,0,0,0,0,11.995694160461426,0.0,0.0,2,1,0.3333333333333333,0.3333333333333333,0.24383893013000488,0.21058200200398763,-8.344650268554688e-06,0,0,0,0,0,0,0,0,0,0,0.0,0.0,0.0,0,0,0.0,0.0,4.276114908854167,0.1620496431986491,-0.0034486055374145508,,
100,obsfix,B,Stapler_gray_d9,1,0.13858290016651154,0.01477804034948349,0.15019890666007996,-0.0012380480766296387,False,False,0.0020102262496948242,0.0,0,0,0,0,0,0,0,0,0,0,0,0,0.0,0.0,0.0,0,0,0.0,0.0,0.28462336858113607,0.22080771128336588,-0.00022453069686889648,0,0,0,0,0,0,0,0,0,0,0.0,0.0,0.0,0,0,0.0,0.0,2.975363922119141,0.17539286613464355,-0.0012379884719848633,,
100,obsfix,B,Blue_teapot,1,0.11714622378349304,0.05383532866835594,0.08635473251342773,-0.061926841735839844,False,False,0.0020079612731933594,0.0,0,0,0,0,0,0,0,0,0,0,0,0,0.0,0.0,0.0,0,0,0.0,0.0,0.41143544514973956,0.20197490056355794,-2.86102294921875e-06,0,0,0,0,0,0,0,0,0,0,0.0,0.0,0.0,0,0,0.0,0.0,19.765995279947916,0.19202237129211425,-0.06150186061859131,,
100,obsfix,B,Purse_brown_d58,1,0.12368395924568176,0.047773685306310654,0.08430737257003784,-0.041165292263031006,False,False,0.0020079612731933594,0.0,0,0,0,0,0,0,0,0,0,0,0,0,0.0,0.0,0.0,0,0,0.0,0.0,0.4122081120808919,0.21188381512959797,0.00048160552978515625,3,3,0,0,0,0,0,0,0,0,1.6333286762237549,0.0,0.0,1,1,0.03333333333333333,0.03333333333333333,19.276629638671874,0.20583484967549642,0.0017934441566467285,,
100,obsfix,B,Wine_glass2_1_blue,1,0.1042587012052536,0.13368049263954163,0.2106226086616516,-0.0036287903785705566,False,False,0.0020102262496948242,0.0,0,0,0,0,0,0,0,0,0,0,0,0,0.0,0.0,0.0,0,0,0.0,0.0,0.36187817255655924,0.2095771630605062,-0.0006167292594909668,0,0,0,0,0,0,0,0,0,0,0.0,0.0,0.0,0,0,0.0,0.0,4.346129862467448,0.20537362098693848,-0.0036284327507019043,,
100,obsfix,B,Mug_8b_red,1,0.1257658302783966,0.016201557591557503,0.2728216052055359,-0.00749891996383667,False,False,0.002010345458984375,0.0,1,0,101,101,0,0,55,24,25,24,0,24,13.706862449645996,0.0,0.0,3,3,1.6833333333333333,1.6833333333333333,0.17817589441935222,0.20015926361083985,-0.00045746564865112305,6,6,0,0,0,0,0,0,0,0,7.123721599578857,0.0,0.0,1,1,0.1,0.1,5.179477945963542,0.13039690653483074,0.0034305453300476074,0.05,0.0
100,obsfix,B,Bear_34,1,0.1080009862780571,0.03784576430916786,0.09729285538196564,-0.031054556369781494,False,False,0.0020084381103515625,0.0,0,0,0,0,0,0,0,0,0,0,0,0,0.0,0.0,0.0,0,0,0.0,0.0,0.265519905090332,0.24199403127034505,-0.00036472082138061523,0,0,0,0,0,0,0,0,0,0,0.0,0.0,0.0,0,0,0.0,0.0,21.645009358723957,0.23164178530375162,-0.02908843755722046,,
100,obsfix,B,Camera_yellow,1,0.11059878021478653,0.016559576615691185,0.07629767805337906,-0.04908120632171631,False,False,0.0020089149475097656,0.0,1,0,56,56,0,0,19,0,0,0,0,0,42.69430923461914,0.0,0.0,2,1,0.4,0.4,0.21589288711547852,0.2205116589864095,0.0014774203300476074,1,1,0,0,0,0,0,0,0,0,1.2600491046905518,0.0,0.0,1,1,0.016666666666666666,0.016666666666666666,3.375413258870443,0.16902998288472493,-0.02267467975616455,0.008333333333333333,0.008333333333333333
100,obsfix,B,Hammer_40,1,0.1285119354724884,0.01769077405333519,0.0993163138628006,-0.011694610118865967,False,False,0.002008676528930664,0.0,2,0,112,112,0,0,49,1,0,0,0,0,61.24419403076172,0.0,0.0,3,1,0.8833333333333333,1.6833333333333333,0.22033270200093588,0.21947301228841146,-0.0001315474510192871,6,6,0,0,0,0,0,0,0,0,0.6233991384506226,0.0,0.0,1,0,0.05,0.05,3.522083028157552,0.23124125798543294,-0.011569321155548096,0.05,0.025
100,obsfix,B,Black_mug,1,0.0979863852262497,0.016350559890270233,0.21836718916893005,-1.1920928955078125e-07,False,False,0.0020102262496948242,0.0,0,0,0,0,0,0,0,0,0,0,0,0,0.0,0.0,0.0,0,0,0.0,0.0,0.3517197291056315,0.19745635986328125,0.005538463592529297,0,0,0,0,0,0,0,0,0,0,0.0,0.0,0.0,0,0,0.0,0.0,5.285146077473958,0.20524230003356933,0.0003180503845214844,,
100,obsfix,B,Teapot_brown,1,0.12715159356594086,0.028447924181818962,0.07315531373023987,-0.022340714931488037,False,False,0.002008795738220215,0.0,0,0,0,0,0,0,0,0,0,0,0,0,0.0,0.0,0.0,0,0,0.0,0.0,0.28036012649536135,0.21962920824686685,-3.921985626220703e-05,0,0,0,0,0,0,0,0,0,0,0.0,0.0,0.0,0,0,0.0,0.0,4.036676279703776,0.1798057715098063,-0.02234053611755371,,
100,obsfix,B,Wine_glass_body_blue,1,0.1004960685968399,0.08166549354791641,0.08438393473625183,-0.044604599475860596,False,False,0.002008676528930664,0.0,0,0,0,0,0,0,0,0,0,0,0,0,0.0,0.0,0.0,0,0,0.0,0.0,0.28090092341105144,0.2177577018737793,-0.00014197826385498047,0,0,0,0,0,0,0,0,0,0,0.0,0.0,0.0,0,0,0.0,0.0,3.8070632934570314,0.19390664100646973,-0.04344487190246582,,
100,obsfix,B,Red_chair,1,0.09118010103702545,0.01793370582163334,0.07379159331321716,-3.5762786865234375e-07,False,False,0.002008795738220215,0.0,2,0,55,55,0,0,53,0,0,0,0,0,46.280555725097656,0.0,0.0,2,1,0.9166666666666666,0.9166666666666666,0.22350281079610188,0.2133229414621989,0.0004068613052368164,0,0,0,0,0,0,0,0,0,0,0.0,0.0,0.0,0,0,0.0,0.0,4.35377197265625,0.1993313153584798,0.00020629167556762695,0.0,0.0
100,obsfix,B,Watch_9f,1,0.123867467045784,0.01673736795783043,0.2590652108192444,-0.037208735942840576,False,False,0.0020095109939575195,0.0,0,0,0,0,0,0,0,0,0,0,0,0,0.0,0.0,0.0,0,0,0.0,0.0,0.2656058152516683,0.22362338701883952,-4.45246696472168e-05,0,0,0,0,0,0,0,0,0,0,0.0,0.0,0.0,0,0,0.0,0.0,3.531316121419271,0.15886575380961102,-0.037162840366363525,,
100,obsfix,B,Pan_gray,1,0.1058550775051117,0.03338795155286789,0.10725967586040497,-0.04948019981384277,False,False,0.002009153366088867,0.0,0,0,0,0,0,0,0,0,0,0,0,0,0.0,0.0,0.0,0,0,0.0,0.0,0.3370265324910482,0.2267590363820394,-9.47713851928711e-06,0,0,0,0,0,0,0,0,0,0,0.0,0.0,0.0,0,0,0.0,0.0,3.227887725830078,0.1948191483815511,-0.04947996139526367,,
100,obsfix,B,Blue_camera,1,0.12844276428222656,0.017632506787776947,0.1480833888053894,-1.7881393432617188e-07,False,False,0.0020102262496948242,0.0,0,0,0,0,0,0,0,0,0,0,0,0,0.0,0.0,0.0,0,0,0.0,0.0,0.26604018211364744,0.2043569246927897,2.980232238769531e-07,0,0,0,0,0,0,0,0,0,0,0.0,0.0,0.0,0,0,0.0,0.0,5.168184916178386,0.16380308469136556,-5.960464477539063e-08,,
100,obsfix,B,Vase_red_a1,1,0.13452108204364777,0.012576366774737835,0.1843438744544983,-0.0015831589698791504,False,False,0.0020102262496948242,0.0,1,0,51,51,0,0,0,0,0,0,0,0,24.361316680908203,0.0,0.0,1,1,0.85,0.85,0.2526251792907715,0.20279669761657715,0.0015932917594909668,0,0,0,0,0,0,0,0,0,0,0.0,0.0,0.0,0,0,0.0,0.0,3.715784200032552,0.17230916023254395,0.001560509204864502,0.0,0.0
500,obsfix,A,DrinkBottle_blue_1ef,1,0.13479015231132507,0.02315780520439148,0.34794116020202637,-0.0005372762680053711,False,False,0.002009272575378418,0.2647746205329895,0,0,0,0,0,0,0,0,0,0,0,0,0.0,0.0,0.0,0,0,0.0,0.0,0.9763818105061849,1.1069260915120442,6.389617919921875e-05,0,0,0,0,0,0,0,0,0,0,0.0,0.0,0.0,0,0,0.0,0.0,5.020649210611979,0.9663234074910482,-0.0005370378494262695,,
500,obsfix,A,Camera_brown,1,0.12005562335252762,0.018465984612703323,0.3347683548927307,-0.0010294318199157715,False,False,0.002011418342590332,0.25662481784820557,0,0,45,45,0,0,0,0,0,0,0,0,13.251044273376465,0.0,0.0,1,1,0.75,0.75,1.0180135091145834,0.9086527506510417,0.003877103328704834,0,0,0,0,0,0,0,0,0,0,0.0,0.0,0.0,0,0,0.0,0.0,4.6386571248372395,0.844886589050293,-0.0010292530059814453,,
500,obsfix,A,Knife,1,0.13487347960472107,0.02322583645582199,0.3367493152618408,-0.004187226295471191,False,False,0.002009272575378418,0.23557442426681519,0,0,0,0,0,0,0,0,0,0,0,0,0.0,0.0,0.0,0,0,0.0,0.0,0.9177050272623698,1.021869913736979,-0.000769495964050293,0,0,0,0,0,0,0,0,0,0,0.0,0.0,0.0,0,0,0.0,0.0,4.4744715372721355,0.8712762832641602,-0.004187107086181641,,
500,obsfix,A,Mug_yellow_18,1,0.12347521632909775,0.018833808600902557,0.2994101047515869,-0.00016105175018310547,False,False,0.002008676528930664,0.3204168677330017,3,0,121,121,0,0,99,86,0,0,0,0,37.492897033691406,0.0,0.0,3,0,2.0166666666666666,2.0166666666666666,0.8194985071818034,0.9119481404622396,0.00021857023239135742,1,1,0,0,0,0,0,0,0,0,0.4487318694591522,0.0,0.0,1,1,0.016666666666666666,0.016666666666666666,5.741581726074219,0.8751523971557618,9.715557098388672e-06,0.008333333333333333,0.0
500,obsfix,A,Purse_red_f58,1,0.12390392273664474,0.015593467280268669,0.36396485567092896,-0.06127959489822388,False,False,0.0020107030868530273,0.18262127041816711,3,0,49,49,0,0,43,15,0,0,0,0,24.76359748840332,0.0,0.0,3,3,0.8166666666666667,0.8166666666666667,0.8777185440063476,0.8841793696085612,-0.0002722740173339844,0,0,0,0,0,0,0,0,0,0,0.0,0.0,0.0,0,0,0.0,0.0,3.4814603169759115,0.44802478154500325,-0.057358503341674805,0.0,0.0
500,obsfix,A,Red_bottle,1,0.0937972441315651,0.04198674112558365,0.3551265597343445,-0.06416130065917969,False,False,0.002008199691772461,0.209844708442688,0,0,0,0,0,0,0,0,0,0,0,0,0.0,0.0,0.0,0,0,0.0,0.0,2.0368150075276694,1.0369930267333984,1.6689300537109375e-06,0,0,0,0,0,0,0,0,0,0,0.0,0.0,0.0,0,0,0.0,0.0,17.739217122395832,0.7765649159749349,0.0031592249870300293,,
500,obsfix,A,WineGlass_gray_9d,1,0.1348065733909607,0.017554253339767456,0.4311755895614624,-0.0015572905540466309,False,False,0.002010941505432129,0.41463983058929443,3,0,106,106,0,0,87,67,0,0,0,0,15.657000541687012,0.0,0.0,4,2,1.3,1.7666666666666666,0.7819919586181641,1.0764307657877603,0.005427896976470947,0,0,0,0,0,0,0,0,0,0,0.0,0.0,0.0,0,0,0.0,0.0,5.533293660481771,1.3786177317301431,0.0007889270782470703,0.0,0.0
500,obsfix,A,CellPhone_4e,1,0.08414603024721146,0.011981016024947166,0.3166162967681885,-0.057489097118377686,False,False,0.002009749412536621,0.2500021755695343,3,0,76,76,0,0,44,16,0,0,0,0,41.858341217041016,0.0,0.0,3,2,0.7833333333333333,0.95,0.881944211324056,0.9157948176066081,-0.0004146695137023926,2,2,0,0,0,0,0,0,0,0,0.927412748336792,0.0,0.0,1,1,0.016666666666666666,0.016666666666666666,4.456605529785156,0.4986455281575521,-0.053856074810028076,0.016666666666666666,0.005555555555555556
500,obsfix,A,Teapot_blue_high_3d2,1,0.11711526662111282,0.015131411142647266,0.3663581907749176,-0.053463876247406006,False,False,0.002008795738220215,0.2526230216026306,0,0,0,0,0,0,0,0,0,0,0,0,0.0,0.0,0.0,0,0,0.0,0.0,0.8580269495646159,1.1029766082763672,-0.00045567750930786133,0,0,0,0,0,0,0,0,0,0,0.0,0.0,0.0,0,0,0.0,0.0,4.0218655904134115,1.0015564600626627,-0.05253702402114868,,
500,obsfix,A,Gun,1,0.12197545915842056,0.0394480861723423,0.33555489778518677,-0.0013581514358520508,False,False,0.0020095109939575195,0.2717302143573761,0,0,0,0,0,0,0,0,0,0,0,0,0.0,0.0,0.0,0,0,0.0,0.0,0.9398234049479167,1.0608854293823242,-0.0008492469787597656,0,0,0,0,0,0,0,0,0,0,0.0,0.0,0.0,0,0,0.0,0.0,7.778673807779948,1.0371262232462566,-0.0013579130172729492,,
500,obsfix,A,Donut,1,0.13184668123722076,0.012974107638001442,0.3242338299751282,-2.980232238769531e-07,False,False,0.0020093917846679688,0.2609773874282837,2,0,18,18,0,0,3,0,0,0,0,0,11.124035835266113,0.0,0.0,2,2,0.3,0.3,0.8309427261352539,1.0530022939046224,0.006641209125518799,0,0,0,0,0,0,0,0,0,0,0.0,0.0,0.0,0,0,0.0,0.0,4.119683837890625,0.5691799799601237,0.006626129150390625,0.0,0.0
500,obsfix,A,Plate_gold_69,1,0.11746063083410263,0.028160540387034416,0.33646953105926514,-0.04573476314544678,False,False,0.0020102262496948242,0.2492014765739441,0,0,0,0,0,0,0,0,0,0,0,0,0.0,0.0,0.0,0,0,0.0,0.0,0.9376316070556641,0.9978251139322917,-2.8371810913085938e-05,0,0,0,0,0,0,0,0,0,0,0.0,0.0,0.0,0,0,0.0,0.0,5.049971516927084,0.8834058761596679,-0.043226003646850586,,
500,obsfix,A,Red_scissor,1,0.13182136416435242,0.015084020793437958,0.3606475293636322,-1.7881393432617188e-07,False,False,0.0020099878311157227,0.22521361708641052,0,0,0,0,0,0,0,0,0,0,0,0,0.0,0.0,0.0,0,0,0.0,0.0,0.9832134246826172,1.050088628133138,0.00405806303024292,0,0,0,0,0,0,0,0,0,0,0.0,0.0,0.0,0,0,0.0,0.0,9.311458333333333,1.0018615086873373,0.0035271048545837402,,
500,obsfix,A,Mug_gray_d7,1,0.12530727684497833,0.01571407914161682,0.3290122151374817,-0.00301361083984375,False,False,0.0020089149475097656,0.31998735666275024,1,0,43,43,0,0,0,0,0,0,0,0,6.663117408752441,0.0,0.0,1,1,0.7166666666666667,0.7166666666666667,0.9052733103434245,1.0955791473388672,-8.344650268554688e-06,0,0,0,0,0,0,0,0,0,0,0.0,0.0,0.0,0,0,0.0,0.0,4.372031656901042,1.0279012044270834,-0.0030133724212646484,0.0,0.0
500,obsfix,A,Stapler_gray_d9,1,0.13858290016651154,0.013455312699079514,0.3439538776874542,-0.0012382268905639648,False,False,0.0020089149475097656,0.24256467819213867,0,0,0,0,0,0,0,0,0,0,0,0,0.0,0.0,0.0,0,0,0.0,0.0,0.8628168106079102,1.0734355926513672,-0.00022453069686889648,0,0,0,0,0,0,0,0,0,0,0.0,0.0,0.0,0,0,0.0,0.0,3.9219688415527343,0.9906388600667317,-0.0012379884719848633,,
500,obsfix,A,Blue_teapot,1,0.11714622378349304,0.19861015677452087,0.3730257451534271,-0.06192702054977417,False,False,0.002007722854614258,0.28511643409729004,0,0,0,0,0,0,0,0,0,0,0,0,0.0,0.0,0.0,0,0,0.0,0.0,2.324743143717448,1.159994888305664,-2.86102294921875e-06,0,0,0,0,0,0,0,0,0,0,0.0,0.0,0.0,0,0,0.0,0.0,17.92933553059896,0.891853396097819,-0.06192660331726074,,
500,obsfix,A,Purse_brown_d58,1,0.12368395924568176,0.02435905486345291,0.3770598769187927,-0.0031114816665649414,False,False,0.0020074844360351562,0.5998212695121765,0,0,0,0,0,0,0,0,0,0,0,0,0.0,0.0,0.0,0,0,0.0,0.0,2.1619745890299478,1.1113370259602864,2.384185791015625e-06,0,0,0,0,0,0,0,0,0,0,0.0,0.0,0.0,0,0,0.0,0.0,17.622542317708334,0.8136064529418945,0.001453399658203125,,
500,obsfix,A,Wine_glass2_1_blue,1,0.1042587012052536,0.0519559420645237,0.43935567140579224,-0.0036287903785705566,False,False,0.002008199691772461,0.35333460569381714,0,0,0,0,0,0,0,0,0,0,0,0,0.0,0.0,0.0,0,0,0.0,0.0,1.0543151219685873,1.4358941396077474,-0.0006167292594909668,0,0,0,0,0,0,0,0,0,0,0.0,0.0,0.0,0,0,0.0,0.0,5.612528991699219,1.4624427795410155,-0.0036284327507019043,,
500,obsfix,A,Mug_8b_red,1,0.1257658302783966,0.019201135262846947,0.32644569873809814,-0.008043885231018066,False,False,0.0020093917846679688,0.3134644627571106,1,0,53,53,0,0,0,0,0,0,0,0,3.8587827682495117,0.0,0.0,1,1,0.8833333333333333,0.8833333333333333,0.9170923868815104,1.0441019694010416,-0.00045746564865112305,0,0,0,0,0,0,0,0,0,0,0.0,0.0,0.0,0,0,0.0,0.0,4.638630676269531,0.9781107584635417,-0.006888091564178467,0.0,0.0
500,obsfix,A,Bear_34,1,0.1080009862780571,0.14406605064868927,0.2933363914489746,-0.031054556369781494,False,False,0.0020083189010620117,0.2979966104030609,0,0,0,0,0,0,0,0,0,0,0,0,0.0,0.0,0.0,0,0,0.0,0.0,2.064968236287435,0.9682535807291667,-0.00036472082138061523,0,0,0,0,0,0,0,0,0,0,0.0,0.0,0.0,0,0,0.0,0.0,22.313675944010416,0.9975982666015625,-0.031054437160491943,,
500,obsfix,A,Camera_yellow,1,0.11059878021478653,0.018453598022460938,0.2827838957309723,-3.5762786865234375e-07,False,False,0.002008676528930664,0.2622304856777191,2,0,125,125,0,0,45,0,0,0,0,0,59.381168365478516,0.0,0.0,2,0,2.0833333333333335,2.0833333333333335,0.871517562866211,0.806384785970052,0.0008615255355834961,0,0,0,0,0,0,0,0,0,0,0.0,0.0,0.0,0,0,0.0,0.0,4.558565266927084,0.6614615122477213,0.001003265380859375,0.0,0.0
500,obsfix,A,Hammer_40,1,0.1285119354724884,0.011960885487496853,0.31570354104042053,-0.01169496774673462,False,False,0.0020090341567993164,0.21307235956192017,2,0,54,54,0,0,19,0,0,0,0,0,42.67021179199219,0.0,0.0,2,0,0.6833333333333333,0.85,0.7923092524210612,0.9369457244873047,-0.0001315474510192871,0,0,0,0,0,0,0,0,0,0,0.0,0.0,0.0,0,0,0.0,0.0,4.060512034098307,0.7627818425496419,-0.011540353298187256,0.0,0.0
500,obsfix,A,Black_mug,1,0.0979863852262497,0.013902607373893261,0.2900409698486328,-1.1920928955078125e-07,False,False,0.0020110607147216797,0.2603592276573181,0,0,8,8,0,0,0,0,0,0,0,0,6.765976428985596,0.0,0.0,1,1,0.13333333333333333,0.13333333333333333,1.0298131942749023,0.9646218617757162,0.0011249780654907227,0,0,0,0,0,0,0,0,0,0,0.0,0.0,0.0,0,0,0.0,0.0,5.489081319173177,0.8344745000203451,0.00415271520614624,,
500,obsfix,A,Teapot_brown,1,0.12715159356594086,0.012508382089436054,0.36061891913414,-0.022340893745422363,False,False,0.002010941505432129,0.2528793215751648,0,0,0,0,0,0,0,0,0,0,0,0,0.0,0.0,0.0,0,0,0.0,0.0,1.07816530863444,0.9238236109415691,-3.921985626220703e-05,0,0,0,0,0,0,0,0,0,0,0.0,0.0,0.0,0,0,0.0,0.0,4.60342763264974,0.7999746322631835,-0.019586503505706787,,
500,obsfix,A,Wine_glass_body_blue,1,0.1004960685968399,0.03102547489106655,0.29761987924575806,-0.044598400592803955,False,False,0.0020105838775634766,0.22270193696022034,0,0,2,2,0,0,0,0,0,0,0,0,1.4660152196884155,0.0,0.0,1,1,0.03333333333333333,0.03333333333333333,1.0665128707885743,0.8937507629394531,-0.00014197826385498047,0,0,0,0,0,0,0,0,0,0,0.0,0.0,0.0,0,0,0.0,0.0,5.417255655924479,0.7589568456013998,-0.04423105716705322,,
500,obsfix,A,Red_chair,1,0.09118010103702545,0.017184404656291008,0.27178841829299927,-5.364418029785156e-07,False,False,0.0020107030868530273,0.33864715695381165,3,0,132,132,0,0,99,79,0,0,0,0,44.51491928100586,0.0,0.0,3,1,1.8333333333333333,1.9166666666666667,0.8343473434448242,0.7736502329508463,0.006832540035247803,0,0,0,0,0,0,0,0,0,0,0.0,0.0,0.0,0,0,0.0,0.0,5.692857360839843,0.7056526819864909,-1.7881393432617188e-07,0.0,0.0
500,obsfix,A,Watch_9f,1,0.123867467045784,0.014737636782228947,0.2911500930786133,-0.03723651170730591,False,False,0.002009272575378418,0.22641724348068237,0,0,0,0,0,0,0,0,0,0,0,0,0.0,0.0,0.0,0,0,0.0,0.0,0.8976746241251627,0.9828410466512044,-4.45246696472168e-05,0,0,0,0,0,0,0,0,0,0,0.0,0.0,0.0,0,0,0.0,0.0,4.185560607910157,0.8665765762329102,-0.037158429622650146,,
500,obsfix,A,Pan_gray,1,0.1058550775051117,0.021495988592505455,0.328819215297699,-0.04948019981384277,False,False,0.002010822296142578,0.2660534381866455,0,0,0,0,0,0,0,0,0,0,0,0,0.0,0.0,0.0,0,0,0.0,0.0,1.0635311762491861,1.0041834513346355,-9.47713851928711e-06,0,0,0,0,0,0,0,0,0,0,0.0,0.0,0.0,0,0,0.0,0.0,4.668743387858073,0.8904512405395508,-0.04946643114089966,,
500,obsfix,A,Blue_camera,1,0.12844276428222656,0.01591341756284237,0.3374987244606018,-2.980232238769531e-07,False,False,0.0020111799240112305,0.2744709849357605,3,0,107,107,0,0,95,93,0,0,0,0,33.18240737915039,0.0,0.0,3,2,1.7833333333333332,1.7833333333333332,0.9628042856852214,0.8126373291015625,3.3795833587646484e-05,0,0,0,0,0,0,0,0,0,0,0.0,0.0,0.0,0,0,0.0,0.0,6.303738911946614,0.7953053792317708,0.0003636479377746582,0.0,0.0
500,obsfix,A,Vase_red_a1,1,0.13452108204364777,0.015203302726149559,0.3193662762641907,-0.001437842845916748,False,False,0.002009868621826172,0.2153816521167755,1,0,23,23,0,0,0,0,0,0,0,0,14.544918060302734,0.0,0.0,1,1,0.3833333333333333,0.3833333333333333,0.9252859751383463,0.9778263727823894,0.0017490983009338379,0,0,0,0,0,0,0,0,0,0,0.0,0.0,0.0,0,0,0.0,0.0,4.653545125325521,0.6778341929117838,0.0017309784889221191,0.0,0.0
500,obsfix,B,DrinkBottle_blue_1ef,1,0.13479015231132507,0.02315780520439148,0.34794116020202637,-0.0005372762680053711,False,False,0.002009153366088867,0.0,0,0,0,0,0,0,0,0,0,0,0,0,0.0,0.0,0.0,0,0,0.0,0.0,0.9763818105061849,1.1069260915120442,6.389617919921875e-05,0,0,0,0,0,0,0,0,0,0,0.0,0.0,0.0,0,0,0.0,0.0,5.013375345865885,0.9663234074910482,-0.0005370378494262695,,
500,obsfix,B,Camera_brown,1,0.12005562335252762,0.018465984612703323,0.3347683548927307,-0.0010294318199157715,False,False,0.002010941505432129,0.0,0,0,45,45,0,0,0,0,0,0,0,0,13.251044273376465,0.0,0.0,1,1,0.75,0.75,1.0180135091145834,0.9086527506510417,0.003877103328704834,0,0,0,0,0,0,0,0,0,0,0.0,0.0,0.0,0,0,0.0,0.0,4.633927408854166,0.844886589050293,-0.0010292530059814453,,
500,obsfix,B,Knife,1,0.13487347960472107,0.02322583645582199,0.3367493152618408,-0.004187226295471191,False,False,0.0020096302032470703,0.0,0,0,0,0,0,0,0,0,0,0,0,0,0.0,0.0,0.0,0,0,0.0,0.0,0.9177050272623698,1.021869913736979,-0.000769495964050293,0,0,0,0,0,0,0,0,0,0,0.0,0.0,0.0,0,0,0.0,0.0,4.46744384765625,0.8712762832641602,-0.004187107086181641,,
500,obsfix,B,Mug_yellow_18,1,0.12347521632909775,0.018833808600902557,0.2994101047515869,-0.00016123056411743164,False,False,0.002010345458984375,0.0,3,0,121,121,0,0,99,86,0,0,0,0,37.492897033691406,0.0,0.0,3,0,2.0166666666666666,2.0166666666666666,0.8194985071818034,0.9119481404622396,0.00021857023239135742,0,0,0,0,0,0,0,0,0,0,0.0957103744149208,0.0,0.0,0,0,0.0,0.0,5.731901550292969,0.8751523971557618,7.212162017822266e-06,0.0,0.0
500,obsfix,B,Purse_red_f58,1,0.12390392273664474,0.015593467280268669,0.36396485567092896,-0.06127965450286865,False,False,0.0020105838775634766,0.0,3,0,49,49,0,0,43,15,0,0,0,0,24.76359748840332,0.0,0.0,3,3,0.8166666666666667,0.8166666666666667,0.8777185440063476,0.8841793696085612,-0.0002722740173339844,0,0,0,0,0,0,0,0,0,0,0.0,0.0,0.0,0,0,0.0,0.0,3.4763417561848957,0.44802478154500325,-0.057437121868133545,0.0,0.0
500,obsfix,B,Red_bottle,1,0.0937972441315651,0.04198674112558365,0.3551265597343445,-0.06416130065917969,False,False,0.0020085573196411133,0.0,0,0,0,0,0,0,0,0,0,0,0,0,0.0,0.0,0.0,0,0,0.0,0.0,2.0368150075276694,1.0369930267333984,1.6689300537109375e-06,0,0,0,0,0,0,0,0,0,0,0.0,0.0,0.0,0,0,0.0,0.0,17.738616943359375,0.7765649159749349,0.003120601177215576,,
500,obsfix,B,WineGlass_gray_9d,1,0.1348065733909607,0.017554253339767456,0.4311755895614624,-0.0015572309494018555,False,False,0.0020102262496948242,0.0,3,0,106,106,0,0,87,67,0,0,0,0,15.657000541687012,0.0,0.0,4,2,1.3,1.7666666666666666,0.7819919586181641,1.0764307657877603,0.005427896976470947,0,0,0,0,0,0,0,0,0,0,0.0,0.0,0.0,0,0,0.0,0.0,5.5367919921875,1.3786177317301431,0.000822901725769043,0.0,0.0
500,obsfix,B,CellPhone_4e,1,0.08414603024721146,0.011981016024947166,0.3166162967681885,-0.057489097118377686,False,False,0.0020110607147216797,0.0,3,0,76,76,0,0,44,16,0,0,0,0,41.858341217041016,0.0,0.0,3,2,0.7833333333333333,0.95,0.881944211324056,0.9157948176066081,-0.0004146695137023926,1,1,0,0,0,0,0,0,0,0,0.6622599363327026,0.0,0.0,1,1,0.016666666666666666,0.016666666666666666,4.450608825683593,0.4986455281575521,-0.053856074810028076,0.008333333333333333,0.002777777777777778
500,obsfix,B,Teapot_blue_high_3d2,1,0.11711526662111282,0.015131411142647266,0.3663581907749176,-0.05346423387527466,False,False,0.0020085573196411133,0.0,0,0,0,0,0,0,0,0,0,0,0,0,0.0,0.0,0.0,0,0,0.0,0.0,0.8580269495646159,1.1029766082763672,-0.00045567750930786133,0,0,0,0,0,0,0,0,0,0,0.0,0.0,0.0,0,0,0.0,0.0,4.014863077799479,1.0015564600626627,-0.05253690481185913,,
500,obsfix,B,Gun,1,0.12197545915842056,0.0394480861723423,0.33555489778518677,-0.0013581514358520508,False,False,0.0020090341567993164,0.0,0,0,0,0,0,0,0,0,0,0,0,0,0.0,0.0,0.0,0,0,0.0,0.0,0.9398234049479167,1.0608854293823242,-0.0008492469787597656,0,0,0,0,0,0,0,0,0,0,0.0,0.0,0.0,0,0,0.0,0.0,7.769679768880208,1.0371262232462566,-0.0013579130172729492,,
500,obsfix,B,Donut,1,0.13184668123722076,0.012974107638001442,0.3242338299751282,-2.384185791015625e-07,False,False,0.002010345458984375,0.0,2,0,18,18,0,0,3,0,0,0,0,0,11.124035835266113,0.0,0.0,2,2,0.3,0.3,0.8309427261352539,1.0530022939046224,0.006641209125518799,0,0,0,0,0,0,0,0,0,0,0.0,0.0,0.0,0,0,0.0,0.0,4.1100618998209635,0.5691799799601237,0.006649315357208252,0.0,0.0
500,obsfix,B,Plate_gold_69,1,0.11746063083410263,0.028160540387034416,0.33646953105926514,-0.04573464393615723,False,False,0.0020099878311157227,0.0,0,0,0,0,0,0,0,0,0,0,0,0,0.0,0.0,0.0,0,0,0.0,0.0,0.9376316070556641,0.9978251139322917,-2.8371810913085938e-05,0,0,0,0,0,0,0,0,0,0,0.0,0.0,0.0,0,0,0.0,0.0,5.044088236490885,0.8834058761596679,-0.04321455955505371,,
500,obsfix,B,Red_scissor,1,0.13182136416435242,0.015084020793437958,0.3606475293636322,-2.384185791015625e-07,False,False,0.0020099878311157227,0.0,0,0,0,0,0,0,0,0,0,0,0,0,0.0,0.0,0.0,0,0,0.0,0.0,0.9832134246826172,1.050088628133138,0.00405806303024292,0,0,0,0,0,0,0,0,0,0,0.0,0.0,0.0,0,0,0.0,0.0,9.317539469401042,1.0018615086873373,0.0035433173179626465,,
500,obsfix,B,Mug_gray_d7,1,0.12530727684497833,0.01571407914161682,0.3290122151374817,-0.00301361083984375,False,False,0.0020090341567993164,0.0,1,0,43,43,0,0,0,0,0,0,0,0,6.663117408752441,0.0,0.0,1,1,0.7166666666666667,0.7166666666666667,0.9052733103434245,1.0955791473388672,-8.344650268554688e-06,0,0,0,0,0,0,0,0,0,0,0.0,0.0,0.0,0,0,0.0,0.0,4.3617701212565105,1.0279012044270834,-0.0030133724212646484,0.0,0.0
500,obsfix,B,Stapler_gray_d9,1,0.13858290016651154,0.013455312699079514,0.3439538776874542,-0.0012382864952087402,False,False,0.002008795738220215,0.0,0,0,0,0,0,0,0,0,0,0,0,0,0.0,0.0,0.0,0,0,0.0,0.0,0.8628168106079102,1.0734355926513672,-0.00022453069686889648,0,0,0,0,0,0,0,0,0,0,0.0,0.0,0.0,0,0,0.0,0.0,3.9151201883951825,0.9906388600667317,-0.0012379288673400879,,
500,obsfix,B,Blue_teapot,1,0.11714622378349304,0.19861015677452087,0.3730257451534271,-0.06192702054977417,False,False,0.0020083189010620117,0.0,0,0,0,0,0,0,0,0,0,0,0,0,0.0,0.0,0.0,0,0,0.0,0.0,2.324743143717448,1.159994888305664,-2.86102294921875e-06,0,0,0,0,0,0,0,0,0,0,0.0,0.0,0.0,0,0,0.0,0.0,17.926861572265626,0.891853396097819,-0.06192660331726074,,
500,obsfix,B,Purse_brown_d58,1,0.12368395924568176,0.02435905486345291,0.3770598769187927,-0.04166126251220703,False,False,0.0020084381103515625,0.0,0,0,0,0,0,0,0,0,0,0,0,0,0.0,0.0,0.0,0,0,0.0,0.0,2.1619745890299478,1.1113370259602864,2.384185791015625e-06,0,0,0,0,0,0,0,0,0,0,0.0,0.0,0.0,0,0,0.0,0.0,17.7364990234375,0.8136064529418945,0.013737022876739502,,
500,obsfix,B,Wine_glass2_1_blue,1,0.1042587012052536,0.0519559420645237,0.43935567140579224,-0.0036287903785705566,False,False,0.002008676528930664,0.0,0,0,0,0,0,0,0,0,0,0,0,0,0.0,0.0,0.0,0,0,0.0,0.0,1.0543151219685873,1.4358941396077474,-0.0006167292594909668,0,0,0,0,0,0,0,0,0,0,0.0,0.0,0.0,0,0,0.0,0.0,5.603804524739584,1.4624427795410155,-0.0036284327507019043,,
500,obsfix,B,Mug_8b_red,1,0.1257658302783966,0.019201135262846947,0.32644569873809814,-0.007298886775970459,False,False,0.0020101070404052734,0.0,1,0,53,53,0,0,0,0,0,0,0,0,3.8587827682495117,0.0,0.0,1,1,0.8833333333333333,0.8833333333333333,0.9170923868815104,1.0441019694010416,-0.00045746564865112305,0,0,0,0,0,0,0,0,0,0,0.0,0.0,0.0,0,0,0.0,0.0,4.642042541503907,0.9781107584635417,-0.007208049297332764,0.0,0.0
500,obsfix,B,Bear_34,1,0.1080009862780571,0.14406605064868927,0.2933363914489746,-0.031054556369781494,False,False,0.002008795738220215,0.0,0,0,0,0,0,0,0,0,0,0,0,0,0.0,0.0,0.0,0,0,0.0,0.0,2.064968236287435,0.9682535807291667,-0.00036472082138061523,0,0,0,0,0,0,0,0,0,0,0.0,0.0,0.0,0,0,0.0,0.0,22.311411539713543,0.9975982666015625,-0.031054437160491943,,
500,obsfix,B,Camera_yellow,1,0.11059878021478653,0.018453598022460938,0.2827838957309723,-2.980232238769531e-07,False,False,0.0020096302032470703,0.0,2,0,125,125,0,0,45,0,0,0,0,0,59.381168365478516,0.0,0.0,2,0,2.0833333333333335,2.0833333333333335,0.871517562866211,0.806384785970052,0.0008615255355834961,0,0,0,0,0,0,0,0,0,0,0.0,0.0,0.0,0,0,0.0,0.0,4.554456075032552,0.6614615122477213,0.0010502338409423828,0.0,0.0
500,obsfix,B,Hammer_40,1,0.1285119354724884,0.011960885487496853,0.31570354104042053,-0.011694848537445068,False,False,0.002009153366088867,0.0,2,0,54,54,0,0,19,0,0,0,0,0,42.67021179199219,0.0,0.0,2,0,0.6833333333333333,0.85,0.7923092524210612,0.9369457244873047,-0.0001315474510192871,0,0,0,0,0,0,0,0,0,0,0.0,0.0,0.0,0,0,0.0,0.0,4.056720987955729,0.7627818425496419,-0.0115431547164917,0.0,0.0
500,obsfix,B,Black_mug,1,0.0979863852262497,0.013902607373893261,0.2900409698486328,-2.384185791015625e-07,False,False,0.0020104646682739258,0.0,0,0,8,8,0,0,0,0,0,0,0,0,6.765976428985596,0.0,0.0,1,1,0.13333333333333333,0.13333333333333333,1.0298131942749023,0.9646218617757162,0.0011249780654907227,0,0,0,0,0,0,0,0,0,0,0.0,0.0,0.0,0,0,0.0,0.0,5.488912455240885,0.8344745000203451,0.010185539722442627,,
500,obsfix,B,Teapot_brown,1,0.12715159356594086,0.012508382089436054,0.36061891913414,-0.022340714931488037,False,False,0.0020105838775634766,0.0,0,0,0,0,0,0,0,0,0,0,0,0,0.0,0.0,0.0,0,0,0.0,0.0,1.07816530863444,0.9238236109415691,-3.921985626220703e-05,0,0,0,0,0,0,0,0,0,0,0.0,0.0,0.0,0,0,0.0,0.0,4.596773274739584,0.7999746322631835,-0.019586563110351562,,
500,obsfix,B,Wine_glass_body_blue,1,0.1004960685968399,0.03102547489106655,0.29761987924575806,-0.044598937034606934,False,False,0.0020104646682739258,0.0,0,0,2,2,0,0,0,0,0,0,0,0,1.4660152196884155,0.0,0.0,1,1,0.03333333333333333,0.03333333333333333,1.0665128707885743,0.8937507629394531,-0.00014197826385498047,0,0,0,0,0,0,0,0,0,0,0.0,0.0,0.0,0,0,0.0,0.0,5.412730916341146,0.7589568456013998,-0.044243812561035156,,
500,obsfix,B,Red_chair,1,0.09118010103702545,0.017184404656291008,0.27178841829299927,-2.980232238769531e-07,False,False,0.0020110607147216797,0.0,3,0,132,132,0,0,99,79,0,0,0,0,44.51491928100586,0.0,0.0,3,1,1.8333333333333333,1.9166666666666667,0.8343473434448242,0.7736502329508463,0.006832540035247803,0,0,0,0,0,0,0,0,0,0,0.0,0.0,0.0,0,0,0.0,0.0,5.683499654134114,0.7056526819864909,-1.7881393432617188e-07,0.0,0.0
500,obsfix,B,Watch_9f,1,0.123867467045784,0.014737636782228947,0.2911500930786133,-0.03721010684967041,False,False,0.0020101070404052734,0.0,0,0,0,0,0,0,0,0,0,0,0,0,0.0,0.0,0.0,0,0,0.0,0.0,0.8976746241251627,0.9828410466512044,-4.45246696472168e-05,0,0,0,0,0,0,0,0,0,0,0.0,0.0,0.0,0,0,0.0,0.0,4.176929473876953,0.8665765762329102,-0.037159621715545654,,
500,obsfix,B,Pan_gray,1,0.1058550775051117,0.021495988592505455,0.328819215297699,-0.04948008060455322,False,False,0.002010345458984375,0.0,0,0,0,0,0,0,0,0,0,0,0,0,0.0,0.0,0.0,0,0,0.0,0.0,1.0635311762491861,1.0041834513346355,-9.47713851928711e-06,0,0,0,0,0,0,0,0,0,0,0.0,0.0,0.0,0,0,0.0,0.0,4.664036560058594,0.8904512405395508,-0.04946863651275635,,
500,obsfix,B,Blue_camera,1,0.12844276428222656,0.01591341756284237,0.3374987244606018,-5.960464477539063e-08,False,False,0.002011895179748535,0.0,3,0,107,107,0,0,95,93,0,0,0,0,33.18240737915039,0.0,0.0,3,2,1.7833333333333332,1.7833333333333332,0.9628042856852214,0.8126373291015625,3.3795833587646484e-05,0,0,0,0,0,0,0,0,0,0,0.0,0.0,0.0,0,0,0.0,0.0,6.298766581217448,0.7953053792317708,0.0003674626350402832,0.0,0.0
500,obsfix,B,Vase_red_a1,1,0.13452108204364777,0.015203302726149559,0.3193662762641907,-0.0014374256134033203,False,False,0.0020107030868530273,0.0,1,0,23,23,0,0,0,0,0,0,0,0,14.544918060302734,0.0,0.0,1,1,0.3833333333333333,0.3833333333333333,0.9252859751383463,0.9778263727823894,0.0017490983009338379,0,0,0,0,0,0,0,0,0,0,0.0,0.0,0.0,0,0,0.0,0.0,4.644838460286459,0.6778341929117838,0.0017316937446594238,0.0,0.0
1000,obsfix,A,DrinkBottle_blue_1ef,1,0.13479015231132507,0.08556737750768661,0.4473574757575989,-0.0005372762680053711,False,False,0.002007007598876953,0.3248929977416992,0,0,0,0,0,0,0,0,0,0,0,0,0.0,0.0,0.0,0,0,0.0,0.0,1.281604258219401,1.6518206278483072,6.389617919921875e-05,0,0,0,0,0,0,0,0,0,0,0.0,0.0,0.0,0,0,0.0,0.0,3.1054308573404947,1.5580736796061199,-0.0005370378494262695,,
1000,obsfix,A,Camera_brown,1,0.12005562335252762,0.0495990626513958,0.3781450390815735,-0.0010103583335876465,False,False,0.002007007598876953,0.24961358308792114,0,0,0,0,0,0,0,0,0,0,0,0,0.0,0.0,0.0,0,0,0.0,0.0,1.3178332010904947,1.3762532552083333,-0.0008210539817810059,0,0,0,0,0,0,0,0,0,0,0.0,0.0,0.0,0,0,0.0,0.0,3.6256103515625,1.371628189086914,-0.001010119915008545,,
1000,obsfix,A,Knife,1,0.13487347960472107,0.08647925406694412,0.4164915084838867,-0.004187226295471191,False,False,0.0020066499710083008,0.30003464221954346,0,0,0,0,0,0,0,0,0,0,0,0,0.0,0.0,0.0,0,0,0.0,0.0,1.2282599131266276,1.514703877766927,-0.000769495964050293,0,0,0,0,0,0,0,0,0,0,0.0,0.0,0.0,0,0,0.0,0.0,2.766864522298177,1.4555259704589845,-0.004187107086181641,,
1000,obsfix,A,Mug_yellow_18,1,0.12347521632909775,0.06180198863148689,0.403785765171051,-0.00016117095947265625,False,False,0.00200653076171875,0.2994566261768341,0,0,0,0,0,0,0,0,0,0,0,0,0.0,0.0,0.0,0,0,0.0,0.0,1.2971622467041015,1.4897054036458333,0.00021857023239135742,0,0,0,0,0,0,0,0,0,0,0.0,0.0,0.0,0,0,0.0,0.0,3.2647026062011717,1.472549057006836,-0.0001609325408935547,,
1000,obsfix,A,Purse_red_f58,1,0.12390392273664474,0.06598956882953644,0.3072686195373535,-0.06127959489822388,False,False,0.0020067691802978516,0.21747905015945435,0,0,0,0,0,0,0,0,0,0,0,0,0.0,0.0,0.0,0,0,0.0,0.0,1.01300900777181,1.154595184326172,-0.0002722740173339844,0,0,0,0,0,0,0,0,0,0,0.0,0.0,0.0,0,0,0.0,0.0,3.701604970296224,1.1100865681966146,-0.061279475688934326,,
1000,obsfix,A,Red_bottle,1,0.0937972441315651,0.07980942726135254,0.4608100354671478,-0.06416130065917969,False,False,0.002009153366088867,0.3680996894836426,0,0,0,0,0,0,0,0,0,0,0,0,0.0,0.0,0.0,0,0,0.0,0.0,2.226213582356771,1.6161930084228515,1.6689300537109375e-06,0,0,0,0,0,0,0,0,0,0,0.0,0.0,0.0,0,0,0.0,0.0,17.326631673177083,1.426437250773112,0.0034669041633605957,,
1000,obsfix,A,WineGlass_gray_9d,1,0.1348065733909607,0.03842685744166374,0.3823773264884949,-0.0009490251541137695,False,False,0.0020073652267456055,0.31751251220703125,0,0,0,0,0,0,0,0,0,0,0,0,0.0,0.0,0.0,0,0,0.0,0.0,1.2385855356852213,1.4134051005045574,-2.7298927307128906e-05,0,0,0,0,0,0,0,0,0,0,0.0,0.0,0.0,0,0,0.0,0.0,3.4751012166341146,1.3387696584065756,-0.0009487271308898926,,
1000,obsfix,A,CellPhone_4e,1,0.08414603024721146,0.0765748918056488,0.3680685758590698,-0.057489097118377686,False,False,0.0020067691802978516,0.2811945080757141,0,0,0,0,0,0,0,0,0,0,0,0,0.0,0.0,0.0,0,0,0.0,0.0,1.25253054300944,1.370325215657552,-0.0004146695137023926,0,0,0,0,0,0,0,0,0,0,0.0,0.0,0.0,0,0,0.0,0.0,3.5572669982910154,1.389480717976888,-0.05748867988586426,,
1000,obsfix,A,Teapot_blue_high_3d2,1,0.11711526662111282,0.11389072984457016,0.37876737117767334,-0.05346423387527466,False,False,0.0020066499710083008,0.3189433813095093,0,0,0,0,0,0,0,0,0,0,0,0,0.0,0.0,0.0,0,0,0.0,0.0,1.1681905110677084,1.4194986979166666,-0.00045567750930786133,0,0,0,0,0,0,0,0,0,0,0.0,0.0,0.0,0,0,0.0,0.0,2.1483586629231772,1.4464557647705079,-0.05346411466598511,,
1000,obsfix,A,Gun,1,0.12197545915842056,0.026271142065525055,0.3998933434486389,-0.0013580322265625,False,False,0.0020073652267456055,0.2747475504875183,0,0,0,0,0,0,0,0,0,0,0,0,0.0,0.0,0.0,0,0,0.0,0.0,1.0246376673380533,1.366396713256836,-0.0008492469787597656,0,0,0,0,0,0,0,0,0,0,0.0,0.0,0.0,0,0,0.0,0.0,5.579214477539063,1.2293397267659505,-0.0013507604598999023,,
1000,obsfix,A,Donut,1,0.13184668123722076,0.047539371997117996,0.31261152029037476,-1.1920928955078125e-07,False,False,0.0020066499710083008,0.2826579809188843,0,0,0,0,0,0,0,0,0,0,0,0,0.0,0.0,0.0,0,0,0.0,0.0,0.9766473770141602,1.1970209757486978,-5.960464477539063e-08,0,0,0,0,0,0,0,0,0,0,0.0,0.0,0.0,0,0,0.0,0.0,3.7651758829752606,1.133127466837565,-1.1920928955078125e-07,,
1000,obsfix,A,Plate_gold_69,1,0.11746063083410263,0.09684450179338455,0.4103791117668152,-0.04573458433151245,False,False,0.00200653076171875,0.3077583312988281,0,0,0,0,0,0,0,0,0,0,0,0,0.0,0.0,0.0,0,0,0.0,0.0,1.2715763092041015,1.5093096415201823,-2.8371810913085938e-05,0,0,0,0,0,0,0,0,0,0,0.0,0.0,0.0,0,0,0.0,0.0,3.3566271464029946,1.531799570719401,-0.045734524726867676,,
1000,obsfix,A,Red_scissor,1,0.13182136416435242,0.037316810339689255,0.3062858283519745,-4.172325134277344e-07,False,False,0.00200653076171875,0.23579534888267517,0,0,0,0,0,0,0,0,0,0,0,0,0.0,0.0,0.0,0,0,0.0,0.0,0.8585222244262696,1.082239532470703,-1.1920928955078125e-07,0,0,0,0,0,0,0,0,0,0,0.0,0.0,0.0,0,0,0.0,0.0,8.918511962890625,0.9949106852213542,-5.960464477539063e-08,,
1000,obsfix,A,Mug_gray_d7,1,0.12530727684497833,0.020008811727166176,0.3038488030433655,-0.00301361083984375,False,False,0.002005338668823242,0.31462642550468445,0,0,0,0,0,0,0,0,0,0,0,0,0.0,0.0,0.0,0,0,0.0,0.0,1.0065898259480794,1.1832862854003907,-8.344650268554688e-06,0,0,0,0,0,0,0,0,0,0,0.0,0.0,0.0,0,0,0.0,0.0,4.182255554199219,1.18800900777181,-0.0030133724212646484,,
1000,obsfix,A,Stapler_gray_d9,1,0.13858290016651154,0.09304965287446976,0.3585672080516815,-0.0012380480766296387,False,False,0.002007126808166504,0.2627719044685364,0,0,0,0,0,0,0,0,0,0,0,0,0.0,0.0,0.0,0,0,0.0,0.0,1.0045960744222004,1.3005284627278646,-0.00022453069686889648,0,0,0,0,0,0,0,0,0,0,0.0,0.0,0.0,0,0,0.0,0.0,2.8906781514485678,1.2275254567464193,-0.0012379288673400879,,
1000,obsfix,A,Blue_teapot,1,0.11714622378349304,0.26936063170433044,0.46794939041137695,-0.06192702054977417,False,False,0.002008676528930664,0.4578883647918701,0,0,0,0,0,0,0,0,0,0,0,0,0.0,0.0,0.0,0,0,0.0,0.0,2.4292081197102866,1.724280802408854,-2.86102294921875e-06,0,0,0,0,0,0,0,0,0,0,0.0,0.0,0.0,0,0,0.0,0.0,17.40705769856771,1.6509972890218099,-0.06192660331726074,,
1000,obsfix,A,Purse_brown_d58,1,0.12368395924568176,0.09013479948043823,0.46381163597106934,-5.960464477539063e-08,False,False,0.0020089149475097656,0.3951759338378906,0,0,0,0,0,0,0,0,0,0,0,0,0.0,0.0,0.0,0,0,0.0,0.0,2.3412798563639323,1.666393788655599,0.0,0,0,0,0,0,0,0,0,0,0,0.0,0.0,0.0,0,0,0.0,0.0,17.02896931966146,1.5130714416503905,0.0,,
1000,obsfix,A,Wine_glass2_1_blue,1,0.1042587012052536,0.06507910788059235,0.4099375605583191,-0.0036287903785705566,False,False,0.002006053924560547,0.37634217739105225,0,0,0,0,0,0,0,0,0,0,0,0,0.0,0.0,0.0,0,0,0.0,0.0,1.172576904296875,1.5620154062906901,-0.0006167292594909668,0,0,0,0,0,0,0,0,0,0,0.0,0.0,0.0,0,0,0.0,0.0,3.4707071940104166,1.4479881286621095,-0.0036284327507019043,,
1000,obsfix,A,Mug_8b_red,1,0.1257658302783966,0.02425443008542061,0.28637322783470154,-0.00804370641708374,False,False,0.002005934715270996,0.28882649540901184,0,0,0,0,0,0,0,0,0,0,0,0,0.0,0.0,0.0,0,0,0.0,0.0,0.8928162892659505,1.096303685506185,-0.00045746564865112305,0,0,0,0,0,0,0,0,0,0,0.0,0.0,0.0,0,0,0.0,0.0,4.509538777669271,1.0838336944580078,-0.008043467998504639,,
1000,obsfix,A,Bear_34,1,0.1080009862780571,0.22843287885189056,0.37539219856262207,-0.031054556369781494,False,False,0.0020079612731933594,0.3708809018135071,0,0,0,0,0,0,0,0,0,0,0,0,0.0,0.0,0.0,0,0,0.0,0.0,1.6885785420735677,1.389104461669922,-0.00036472082138061523,0,0,0,0,0,0,0,0,0,0,0.0,0.0,0.0,0,0,0.0,0.0,21.762176513671875,1.5032338460286458,-0.031054437160491943,,
1000,obsfix,A,Camera_yellow,1,0.11059878021478653,0.030719410628080368,0.33298903703689575,-2.384185791015625e-07,False,False,0.0020074844360351562,0.24977320432662964,0,0,0,0,0,0,0,0,0,0,0,0,0.0,0.0,0.0,0,0,0.0,0.0,1.2201581319173178,1.271182378133138,-1.1920928955078125e-07,0,0,0,0,0,0,0,0,0,0,0.0,0.0,0.0,0,0,0.0,0.0,3.9447893778483074,1.330307388305664,-1.1920928955078125e-07,,
1000,obsfix,A,Hammer_40,1,0.1285119354724884,0.06852178275585175,0.37947726249694824,-0.011694610118865967,False,False,0.0020067691802978516,0.3100878596305847,0,0,0,0,0,0,0,0,0,0,0,0,0.0,0.0,0.0,0,0,0.0,0.0,1.0987472534179688,1.3582977294921874,-0.0001315474510192871,0,0,0,0,0,0,0,0,0,0,0.0,0.0,0.0,0,0,0.0,0.0,2.790574900309245,1.3659974416097005,-0.011694371700286865,,
1000,obsfix,A,Black_mug,1,0.0979863852262497,0.04903584346175194,0.427625834941864,-3.5762786865234375e-07,False,False,0.00200653076171875,0.31668925285339355,0,0,0,0,0,0,0,0,0,0,0,0,0.0,0.0,0.0,0,0,0.0,0.0,1.3969131469726563,1.611163584391276,0.0,0,0,0,0,0,0,0,0,0,0,0.0,0.0,0.0,0,0,0.0,0.0,4.812537129720052,1.5938823699951172,0.0,,
1000,obsfix,A,Teapot_brown,1,0.12715159356594086,0.09299939125776291,0.37705570459365845,-0.022340714931488037,False,False,0.0020072460174560547,0.27180397510528564,0,0,0,0,0,0,0,0,0,0,0,0,0.0,0.0,0.0,0,0,0.0,0.0,1.5176583607991536,1.4823541005452474,-3.921985626220703e-05,0,0,0,0,0,0,0,0,0,0,0.0,0.0,0.0,0,0,0.0,0.0,5.346555074055989,1.5032456715901692,-0.02234053611755371,,
1000,obsfix,A,Wine_glass_body_blue,1,0.1004960685968399,0.026562988758087158,0.36514046788215637,-0.015461385250091553,False,False,0.0020074844360351562,0.2795679569244385,0,0,0,0,0,0,0,0,0,0,0,0,0.0,0.0,0.0,0,0,0.0,0.0,1.3591551462809244,1.395379892985026,-0.00014197826385498047,0,0,0,0,0,0,0,0,0,0,0.0,0.0,0.0,0,0,0.0,0.0,3.9049807230631512,1.4166576385498046,-0.015461206436157227,,
1000,obsfix,A,Red_chair,1,0.09118010103702545,0.041867416352033615,0.35369065403938293,-3.5762786865234375e-07,False,False,0.0020074844360351562,0.22939181327819824,0,0,0,0,0,0,0,0,0,0,0,0,0.0,0.0,0.0,0,0,0.0,0.0,1.3159350077311198,1.3126580556233725,-1.7881393432617188e-07,0,0,0,0,0,0,0,0,0,0,0.0,0.0,0.0,0,0,0.0,0.0,4.603583272298177,1.294656499226888,-1.1920928955078125e-07,,
1000,obsfix,A,Watch_9f,1,0.123867467045784,0.024442274123430252,0.3502238392829895,-0.03735494613647461,False,False,0.002007126808166504,0.1739838421344757,1,0,74,74,0,0,0,0,0,0,0,0,29.068899154663086,0.0,0.0,1,1,0.8666666666666667,0.8666666666666667,1.0586427052815754,1.1774422963460287,-4.45246696472168e-05,0,0,0,0,0,0,0,0,0,0,0.0,0.0,0.0,0,0,0.0,0.0,2.8735636393229167,0.7537668863932292,-0.026198506355285645,0.0,0.0
1000,obsfix,A,Pan_gray,1,0.1058550775051117,0.12887577712535858,0.3916719853878021,-0.04948019981384277,False,False,0.0020068883895874023,0.3004342317581177,0,0,0,0,0,0,0,0,0,0,0,0,0.0,0.0,0.0,0,0,0.0,0.0,1.4309524536132812,1.523431650797526,-9.47713851928711e-06,0,0,0,0,0,0,0,0,0,0,0.0,0.0,0.0,0,0,0.0,0.0,3.751880900065104,1.5528298695882161,-0.04947996139526367,,
1000,obsfix,A,Blue_camera,1,0.12844276428222656,0.07476013153791428,0.3788074553012848,-1.7881393432617188e-07,False,False,0.0020073652267456055,0.24848634004592896,0,0,0,0,0,0,0,0,0,0,0,0,0.0,0.0,0.0,0,0,0.0,0.0,1.4590899149576824,1.4342333475748699,-5.960464477539063e-08,0,0,0,0,0,0,0,0,0,0,0.0,0.0,0.0,0,0,0.0,0.0,4.650321451822917,1.4321548461914062,0.0,,
1000,obsfix,A,Vase_red_a1,1,0.13452108204364777,0.08555010706186295,0.4063251316547394,-0.0015829205513000488,False,False,0.00200653076171875,0.2803102731704712,0,0,0,0,0,0,0,0,0,0,0,0,0.0,0.0,0.0,0,0,0.0,0.0,1.276532491048177,1.4864227294921875,8.934736251831055e-05,0,0,0,0,0,0,0,0,0,0,0.0,0.0,0.0,0,0,0.0,0.0,3.0319391886393228,1.4011124928792318,-0.0015828609466552734,,
1000,obsfix,B,DrinkBottle_blue_1ef,1,0.13479015231132507,0.08556737750768661,0.4473574757575989,-0.0005372762680053711,False,False,0.0020068883895874023,0.0,0,0,0,0,0,0,0,0,0,0,0,0,0.0,0.0,0.0,0,0,0.0,0.0,1.281604258219401,1.6518206278483072,6.389617919921875e-05,0,0,0,0,0,0,0,0,0,0,0.0,0.0,0.0,0,0,0.0,0.0,3.0869827270507812,1.5580736796061199,-0.0005370378494262695,,
1000,obsfix,B,Camera_brown,1,0.12005562335252762,0.0495990626513958,0.3781450390815735,-0.0010103583335876465,False,False,0.0020074844360351562,0.0,0,0,0,0,0,0,0,0,0,0,0,0,0.0,0.0,0.0,0,0,0.0,0.0,1.3178332010904947,1.3762532552083333,-0.0008210539817810059,0,0,0,0,0,0,0,0,0,0,0.0,0.0,0.0,0,0,0.0,0.0,3.6106216430664064,1.371628189086914,-0.001010119915008545,,
1000,obsfix,B,Knife,1,0.13487347960472107,0.08647925406694412,0.4164915084838867,-0.004187226295471191,False,False,0.002007007598876953,0.0,0,0,0,0,0,0,0,0,0,0,0,0,0.0,0.0,0.0,0,0,0.0,0.0,1.2282599131266276,1.514703877766927,-0.000769495964050293,0,0,0,0,0,0,0,0,0,0,0.0,0.0,0.0,0,0,0.0,0.0,2.7498199462890627,1.4555259704589845,-0.004187107086181641,,
1000,obsfix,B,Mug_yellow_18,1,0.12347521632909775,0.06180198863148689,0.403785765171051,-0.00016117095947265625,False,False,0.0020072460174560547,0.0,0,0,0,0,0,0,0,0,0,0,0,0,0.0,0.0,0.0,0,0,0.0,0.0,1.2971622467041015,1.4897054036458333,0.00021857023239135742,0,0,0,0,0,0,0,0,0,0,0.0,0.0,0.0,0,0,0.0,0.0,3.2464815775553384,1.472549057006836,-0.0001609325408935547,,
1000,obsfix,B,Purse_red_f58,1,0.12390392273664474,0.06598956882953644,0.3072686195373535,-0.06127959489822388,False,False,0.0020067691802978516,0.0,0,0,0,0,0,0,0,0,0,0,0,0,0.0,0.0,0.0,0,0,0.0,0.0,1.01300900777181,1.154595184326172,-0.0002722740173339844,0,0,0,0,0,0,0,0,0,0,0.0,0.0,0.0,0,0,0.0,0.0,3.6870658874511717,1.1100865681966146,-0.061279475688934326,,
1000,obsfix,B,Red_bottle,1,0.0937972441315651,0.07980942726135254,0.4608100354671478,-0.06459474563598633,False,False,0.002009153366088867,0.0,0,0,0,0,0,0,0,0,0,0,0,0,0.0,0.0,0.0,0,0,0.0,0.0,2.226213582356771,1.6161930084228515,1.6689300537109375e-06,0,0,0,0,0,0,0,0,0,0,0.0,0.0,0.0,0,0,0.0,0.0,17.325653076171875,1.426437250773112,0.0034744739532470703,,
1000,obsfix,B,WineGlass_gray_9d,1,0.1348065733909607,0.03842685744166374,0.3823773264884949,-0.0009490251541137695,False,False,0.0020067691802978516,0.0,0,0,0,0,0,0,0,0,0,0,0,0,0.0,0.0,0.0,0,0,0.0,0.0,1.2385855356852213,1.4134051005045574,-2.7298927307128906e-05,0,0,0,0,0,0,0,0,0,0,0.0,0.0,0.0,0,0,0.0,0.0,3.480951182047526,1.3387696584065756,-0.0009487271308898926,,
1000,obsfix,B,CellPhone_4e,1,0.08414603024721146,0.0765748918056488,0.3680685758590698,-0.057489097118377686,False,False,0.0020072460174560547,0.0,0,0,0,0,0,0,0,0,0,0,0,0,0.0,0.0,0.0,0,0,0.0,0.0,1.25253054300944,1.370325215657552,-0.0004146695137023926,0,0,0,0,0,0,0,0,0,0,0.0,0.0,0.0,0,0,0.0,0.0,3.5392728169759113,1.389480717976888,-0.05748867988586426,,
1000,obsfix,B,Teapot_blue_high_3d2,1,0.11711526662111282,0.11389072984457016,0.37876737117767334,-0.05346423387527466,False,False,0.002007007598876953,0.0,0,0,0,0,0,0,0,0,0,0,0,0,0.0,0.0,0.0,0,0,0.0,0.0,1.1681905110677084,1.4194986979166666,-0.00045567750930786133,0,0,0,0,0,0,0,0,0,0,0.0,0.0,0.0,0,0,0.0,0.0,2.129209772745768,1.4464557647705079,-0.05346411466598511,,
1000,obsfix,B,Gun,1,0.12197545915842056,0.026271142065525055,0.3998933434486389,-0.0013581514358520508,False,False,0.0020073652267456055,0.0,0,0,0,0,0,0,0,0,0,0,0,0,0.0,0.0,0.0,0,0,0.0,0.0,1.0246376673380533,1.366396713256836,-0.0008492469787597656,0,0,0,0,0,0,0,0,0,0,0.0,0.0,0.0,0,0,0.0,0.0,5.560607401529948,1.2293397267659505,-0.0013519525527954102,,
1000,obsfix,B,Donut,1,0.13184668123722076,0.047539371997117996,0.31261152029037476,-1.1920928955078125e-07,False,False,0.0020064115524291992,0.0,0,0,0,0,0,0,0,0,0,0,0,0,0.0,0.0,0.0,0,0,0.0,0.0,0.9766473770141602,1.1970209757486978,-5.960464477539063e-08,0,0,0,0,0,0,0,0,0,0,0.0,0.0,0.0,0,0,0.0,0.0,3.7664947509765625,1.133127466837565,-1.1920928955078125e-07,,
1000,obsfix,B,Plate_gold_69,1,0.11746063083410263,0.09684450179338455,0.4103791117668152,-0.04573458433151245,False,False,0.002007126808166504,0.0,0,0,0,0,0,0,0,0,0,0,0,0,0.0,0.0,0.0,0,0,0.0,0.0,1.2715763092041015,1.5093096415201823,-2.8371810913085938e-05,0,0,0,0,0,0,0,0,0,0,0.0,0.0,0.0,0,0,0.0,0.0,3.337987263997396,1.531799570719401,-0.045734524726867676,,
1000,obsfix,B,Red_scissor,1,0.13182136416435242,0.037316810339689255,0.3062858283519745,-4.172325134277344e-07,False,False,0.0020064115524291992,0.0,0,0,0,0,0,0,0,0,0,0,0,0,0.0,0.0,0.0,0,0,0.0,0.0,0.8585222244262696,1.082239532470703,-1.1920928955078125e-07,0,0,0,0,0,0,0,0,0,0,0.0,0.0,0.0,0,0,0.0,0.0,8.922450764973958,0.9949106852213542,-5.960464477539063e-08,,
1000,obsfix,B,Mug_gray_d7,1,0.12530727684497833,0.020008811727166176,0.3038488030433655,-0.00301361083984375,False,False,0.002005934715270996,0.0,0,0,0,0,0,0,0,0,0,0,0,0,0.0,0.0,0.0,0,0,0.0,0.0,1.0065898259480794,1.1832862854003907,-8.344650268554688e-06,0,0,0,0,0,0,0,0,0,0,0.0,0.0,0.0,0,0,0.0,0.0,4.183179473876953,1.18800900777181,-0.0030133724212646484,,
1000,obsfix,B,Stapler_gray_d9,1,0.13858290016651154,0.09304965287446976,0.3585672080516815,-0.0012380480766296387,False,False,0.002007007598876953,0.0,0,0,0,0,0,0,0,0,0,0,0,0,0.0,0.0,0.0,0,0,0.0,0.0,1.0045960744222004,1.3005284627278646,-0.00022453069686889648,0,0,0,0,0,0,0,0,0,0,0.0,0.0,0.0,0,0,0.0,0.0,2.8757364908854166,1.2275254567464193,-0.0012379288673400879,,
1000,obsfix,B,Blue_teapot,1,0.11714622378349304,0.26936063170433044,0.46794939041137695,-0.06192702054977417,False,False,0.002008795738220215,0.0,0,0,0,0,0,0,0,0,0,0,0,0,0.0,0.0,0.0,0,0,0.0,0.0,2.4292081197102866,1.724280802408854,-2.86102294921875e-06,0,0,0,0,0,0,0,0,0,0,0.0,0.0,0.0,0,0,0.0,0.0,17.406404622395833,1.6509972890218099,-0.06192660331726074,,
1000,obsfix,B,Purse_brown_d58,1,0.12368395924568176,0.09013479948043823,0.46381163597106934,-5.960464477539063e-08,False,False,0.002009153366088867,0.0,0,0,0,0,0,0,0,0,0,0,0,0,0.0,0.0,0.0,0,0,0.0,0.0,2.3412798563639323,1.666393788655599,0.0,0,0,0,0,0,0,0,0,0,0,0.0,0.0,0.0,0,0,0.0,0.0,17.028260294596354,1.5130714416503905,0.0,,
1000,obsfix,B,Wine_glass2_1_blue,1,0.1042587012052536,0.06507910788059235,0.4099375605583191,-0.0036287903785705566,False,False,0.002006053924560547,0.0,0,0,0,0,0,0,0,0,0,0,0,0,0.0,0.0,0.0,0,0,0.0,0.0,1.172576904296875,1.5620154062906901,-0.0006167292594909668,0,0,0,0,0,0,0,0,0,0,0.0,0.0,0.0,0,0,0.0,0.0,3.4698407491048178,1.4479881286621095,-0.0036284327507019043,,
1000,obsfix,B,Mug_8b_red,1,0.1257658302783966,0.02425443008542061,0.28637322783470154,-0.008043527603149414,False,False,0.0020055770874023438,0.0,0,0,0,0,0,0,0,0,0,0,0,0,0.0,0.0,0.0,0,0,0.0,0.0,0.8928162892659505,1.096303685506185,-0.00045746564865112305,0,0,0,0,0,0,0,0,0,0,0.0,0.0,0.0,0,0,0.0,0.0,4.510325113932292,1.0838336944580078,-0.008043467998504639,,
1000,obsfix,B,Bear_34,1,0.1080009862780571,0.22843287885189056,0.37539219856262207,-0.031054556369781494,False,False,0.0020085573196411133,0.0,0,0,0,0,0,0,0,0,0,0,0,0,0.0,0.0,0.0,0,0,0.0,0.0,1.6885785420735677,1.389104461669922,-0.00036472082138061523,0,0,0,0,0,0,0,0,0,0,0.0,0.0,0.0,0,0,0.0,0.0,21.7595947265625,1.5032338460286458,-0.031054437160491943,,
1000,obsfix,B,Camera_yellow,1,0.11059878021478653,0.030719410628080368,0.33298903703689575,-2.384185791015625e-07,False,False,0.0020067691802978516,0.0,0,0,0,0,0,0,0,0,0,0,0,0,0.0,0.0,0.0,0,0,0.0,0.0,1.2201581319173178,1.271182378133138,-1.1920928955078125e-07,0,0,0,0,0,0,0,0,0,0,0.0,0.0,0.0,0,0,0.0,0.0,3.930039723714193,1.330307388305664,-1.1920928955078125e-07,,
1000,obsfix,B,Hammer_40,1,0.1285119354724884,0.06852178275585175,0.37947726249694824,-0.011694610118865967,False,False,0.0020072460174560547,0.0,0,0,0,0,0,0,0,0,0,0,0,0,0.0,0.0,0.0,0,0,0.0,0.0,1.0987472534179688,1.3582977294921874,-0.0001315474510192871,0,0,0,0,0,0,0,0,0,0,0.0,0.0,0.0,0,0,0.0,0.0,2.772534942626953,1.3659974416097005,-0.011694371700286865,,
1000,obsfix,B,Black_mug,1,0.0979863852262497,0.04903584346175194,0.427625834941864,-3.5762786865234375e-07,False,False,0.002007126808166504,0.0,0,0,0,0,0,0,0,0,0,0,0,0,0.0,0.0,0.0,0,0,0.0,0.0,1.3969131469726563,1.611163584391276,0.0,0,0,0,0,0,0,0,0,0,0,0.0,0.0,0.0,0,0,0.0,0.0,4.793153381347656,1.5938823699951172,0.0,,
1000,obsfix,B,Teapot_brown,1,0.12715159356594086,0.09299939125776291,0.37705570459365845,-0.022340714931488037,False,False,0.0020072460174560547,0.0,0,0,0,0,0,0,0,0,0,0,0,0,0.0,0.0,0.0,0,0,0.0,0.0,1.5176583607991536,1.4823541005452474,-3.921985626220703e-05,0,0,0,0,0,0,0,0,0,0,0.0,0.0,0.0,0,0,0.0,0.0,5.33110605875651,1.5032456715901692,-0.02234053611755371,,
1000,obsfix,B,Wine_glass_body_blue,1,0.1004960685968399,0.026562988758087158,0.36514046788215637,-0.015461385250091553,False,False,0.0020072460174560547,0.0,0,0,0,0,0,0,0,0,0,0,0,0,0.0,0.0,0.0,0,0,0.0,0.0,1.3591551462809244,1.395379892985026,-0.00014197826385498047,0,0,0,0,0,0,0,0,0,0,0.0,0.0,0.0,0,0,0.0,0.0,3.888482666015625,1.4166576385498046,-0.015461206436157227,,
1000,obsfix,B,Red_chair,1,0.09118010103702545,0.041867416352033615,0.35369065403938293,-3.5762786865234375e-07,False,False,0.002007126808166504,0.0,0,0,0,0,0,0,0,0,0,0,0,0,0.0,0.0,0.0,0,0,0.0,0.0,1.3159350077311198,1.3126580556233725,-1.7881393432617188e-07,0,0,0,0,0,0,0,0,0,0,0.0,0.0,0.0,0,0,0.0,0.0,4.589772033691406,1.294656499226888,-1.1920928955078125e-07,,
1000,obsfix,B,Watch_9f,1,0.123867467045784,0.024442274123430252,0.3502238392829895,-0.03732419013977051,False,False,0.002007126808166504,0.0,1,0,74,74,0,0,0,0,0,0,0,0,29.068899154663086,0.0,0.0,1,1,0.8666666666666667,0.8666666666666667,1.0586427052815754,1.1774422963460287,-4.45246696472168e-05,0,0,0,0,0,0,0,0,0,0,0.0,0.0,0.0,0,0,0.0,0.0,2.8750531514485678,0.7537668863932292,-0.02619856595993042,0.0,0.0
1000,obsfix,B,Pan_gray,1,0.1058550775051117,0.12887577712535858,0.3916719853878021,-0.04948019981384277,False,False,0.0020072460174560547,0.0,0,0,0,0,0,0,0,0,0,0,0,0,0.0,0.0,0.0,0,0,0.0,0.0,1.4309524536132812,1.523431650797526,-9.47713851928711e-06,0,0,0,0,0,0,0,0,0,0,0.0,0.0,0.0,0,0,0.0,0.0,3.733922068277995,1.5528298695882161,-0.04947996139526367,,
1000,obsfix,B,Blue_camera,1,0.12844276428222656,0.07476013153791428,0.3788074553012848,-1.7881393432617188e-07,False,False,0.0020074844360351562,0.0,0,0,0,0,0,0,0,0,0,0,0,0,0.0,0.0,0.0,0,0,0.0,0.0,1.4590899149576824,1.4342333475748699,-5.960464477539063e-08,0,0,0,0,0,0,0,0,0,0,0.0,0.0,0.0,0,0,0.0,0.0,4.6363474527994795,1.4321548461914062,0.0,,
1000,obsfix,B,Vase_red_a1,1,0.13452108204364777,0.08555010706186295,0.4063251316547394,-0.0015829205513000488,False,False,0.0020073652267456055,0.0,0,0,0,0,0,0,0,0,0,0,0,0,0.0,0.0,0.0,0,0,0.0,0.0,1.276532491048177,1.4864227294921875,8.934736251831055e-05,0,0,0,0,0,0,0,0,0,0,0.0,0.0,0.0,0,0,0.0,0.0,3.0156171162923178,1.4011124928792318,-0.0015828609466552734,,
2000,obsfix,A,DrinkBottle_blue_1ef,1,0.13479015231132507,0.11901043355464935,0.5866062641143799,-0.0005372762680053711,False,False,0.002001166343688965,0.37275707721710205,0,0,0,0,0,0,0,0,0,0,0,0,0.0,0.0,0.0,0,0,0.0,0.0,2.070510228474935,2.243988800048828,6.389617919921875e-05,0,0,0,0,0,0,0,0,0,0,0.0,0.0,0.0,0,0,0.0,0.0,5.220021057128906,1.9588197072347004,-0.0005370378494262695,,
2000,obsfix,A,Camera_brown,1,0.12005562335252762,0.143922820687294,0.6200457811355591,-0.0010103583335876465,False,False,0.0020023584365844727,0.44089555740356445,0,0,0,0,0,0,0,0,0,0,0,0,0.0,0.0,0.0,0,0,0.0,0.0,2.015775426228841,2.1945482889811196,-0.0008210539817810059,0,0,0,0,0,0,0,0,0,0,0.0,0.0,0.0,0,0,0.0,0.0,4.942649332682292,1.9678487141927083,-0.001010119915008545,,
2000,obsfix,A,Knife,1,0.13487347960472107,0.12839476764202118,0.5905648469924927,-0.004187226295471191,False,False,0.0020012855529785156,0.4047234058380127,0,0,0,0,0,0,0,0,0,0,0,0,0.0,0.0,0.0,0,0,0.0,0.0,2.0168256123860675,2.1550328572591146,-0.000769495964050293,0,0,0,0,0,0,0,0,0,0,0.0,0.0,0.0,0,0,0.0,0.0,4.496636454264323,1.7648008982340495,-0.004187107086181641,,
2000,obsfix,A,Mug_yellow_18,1,0.12347521632909775,0.14409023523330688,0.587973952293396,-0.00016117095947265625,False,False,0.0020017623901367188,0.4416050910949707,0,0,0,0,0,0,0,0,0,0,0,0,0.0,0.0,0.0,0,0,0.0,0.0,2.0767054239908855,2.0726445515950522,0.00021857023239135742,0,0,0,0,0,0,0,0,0,0,0.0,0.0,0.0,0,0,0.0,0.0,4.587331136067708,1.8452105204264322,-0.0001609325408935547,,
2000,obsfix,A,Purse_red_f58,1,0.12390392273664474,0.17803271114826202,0.5714466571807861,-0.06127959489822388,False,False,0.0020023584365844727,0.3936353921890259,0,0,0,0,0,0,0,0,0,0,0,0,0.0,0.0,0.0,0,0,0.0,0.0,1.8320363362630208,1.8893440246582032,-0.0002722740173339844,0,0,0,0,0,0,0,0,0,0,0.0,0.0,0.0,0,0,0.0,0.0,4.907671101888021,1.6041306813557943,-0.061279475688934326,,
2000,obsfix,A,Red_bottle,1,0.0937972441315651,0.07601679116487503,0.5201447606086731,7.152557373046875e-07,False,False,0.0020078420639038086,0.3939402103424072,0,0,0,0,0,0,0,0,0,0,0,0,0.0,0.0,0.0,0,0,0.0,0.0,3.3801600138346353,1.58102658589681,1.6689300537109375e-06,0,0,0,0,0,0,0,0,0,0,0.0,0.0,0.0,0,0,0.0,0.0,18.85604451497396,1.4668275197347005,9.5367431640625e-07,,
2000,obsfix,A,WineGlass_gray_9d,1,0.1348065733909607,0.09824151545763016,0.5602972507476807,-0.0009490251541137695,False,False,0.0019997358322143555,0.394087553024292,0,0,0,0,0,0,0,0,0,0,0,0,0.0,0.0,0.0,0,0,0.0,0.0,1.8456300099690754,1.9447113037109376,-2.7298927307128906e-05,0,0,0,0,0,0,0,0,0,0,0.0,0.0,0.0,0,0,0.0,0.0,5.891261800130208,1.8182058970133463,-0.0009487271308898926,,
2000,obsfix,A,CellPhone_4e,1,0.08414603024721146,0.18121090531349182,0.5945016145706177,-0.057489097118377686,False,False,0.0020017623901367188,0.41154301166534424,0,0,0,0,0,0,0,0,0,0,0,0,0.0,0.0,0.0,0,0,0.0,0.0,1.986422602335612,2.05656255086263,-0.0004146695137023926,0,0,0,0,0,0,0,0,0,0,0.0,0.0,0.0,0,0,0.0,0.0,4.02382329305013,1.7245133717854817,-0.05748867988586426,,
2000,obsfix,A,Teapot_blue_high_3d2,1,0.11711526662111282,0.1804695874452591,0.5594134330749512,-0.05346423387527466,False,False,0.002000093460083008,0.3116682171821594,0,0,0,0,0,0,0,0,0,0,0,0,0.0,0.0,0.0,0,0,0.0,0.0,1.7937877655029297,1.8371685028076172,-0.00045567750930786133,0,0,0,0,0,0,0,0,0,0,0.0,0.0,0.0,0,0,0.0,0.0,4.132500966389974,1.870300547281901,-0.05346411466598511,,
2000,obsfix,A,Gun,1,0.12197545915842056,0.13934355974197388,0.5819715857505798,-0.0013581514358520508,False,False,0.0020012855529785156,0.4515267610549927,0,0,0,0,0,0,0,0,0,0,0,0,0.0,0.0,0.0,0,0,0.0,0.0,2.10082524617513,2.1450236002604166,-0.0008492469787597656,0,0,0,0,0,0,0,0,0,0,0.0,0.0,0.0,0,0,0.0,0.0,7.138558959960937,2.059617106119792,-0.0013579130172729492,,
2000,obsfix,A,Donut,1,0.13184668123722076,0.10868589580059052,0.5309144258499146,-1.1920928955078125e-07,False,False,0.001999974250793457,0.437280535697937,0,0,0,0,0,0,0,0,0,0,0,0,0.0,0.0,0.0,0,0,0.0,0.0,1.6009045918782552,1.7116827646891275,-5.960464477539063e-08,0,0,0,0,0,0,0,0,0,0,0.0,0.0,0.0,0,0,0.0,0.0,5.569946797688802,1.6009777069091797,-1.1920928955078125e-07,,
2000,obsfix,A,Plate_gold_69,1,0.11746063083410263,0.19159802794456482,0.5969218015670776,-0.04573458433151245,False,False,0.0020012855529785156,0.4144554138183594,0,0,0,0,0,0,0,0,0,0,0,0,0.0,0.0,0.0,0,0,0.0,0.0,2.028961944580078,2.1655375162760415,-2.8371810913085938e-05,0,0,0,0,0,0,0,0,0,0,0.0,0.0,0.0,0,0,0.0,0.0,4.606361897786458,1.924327596028646,-0.045734524726867676,,
2000,obsfix,A,Red_scissor,1,0.13182136416435242,0.08607469499111176,0.4434441328048706,-4.172325134277344e-07,False,False,0.0020024776458740234,0.3387957811355591,0,0,0,0,0,0,0,0,0,0,0,0,0.0,0.0,0.0,0,0,0.0,0.0,1.7320812225341797,1.3914546966552734,-1.1920928955078125e-07,0,0,0,0,0,0,0,0,0,0,0.0,0.0,0.0,0,0,0.0,0.0,9.696983846028646,1.4571893056233725,-5.960464477539063e-08,,
2000,obsfix,A,Mug_gray_d7,1,0.12530727684497833,0.11649695783853531,0.5126150846481323,-0.00301361083984375,False,False,0.00200045108795166,0.3701593577861786,0,0,0,0,0,0,0,0,0,0,0,0,0.0,0.0,0.0,0,0,0.0,0.0,1.6262786865234375,1.682137680053711,-8.344650268554688e-06,0,0,0,0,0,0,0,0,0,0,0.0,0.0,0.0,0,0,0.0,0.0,6.0009206136067705,1.7141676584879557,-0.0030133724212646484,,
2000,obsfix,A,Stapler_gray_d9,1,0.13858290016651154,0.11402931809425354,0.5605624318122864,-0.0012380480766296387,False,False,0.002001047134399414,0.3646053075790405,0,0,0,0,0,0,0,0,0,0,0,0,0.0,0.0,0.0,0,0,0.0,0.0,1.6449597676595051,1.8241587320963542,-0.00022453069686889648,0,0,0,0,0,0,0,0,0,0,0.0,0.0,0.0,0,0,0.0,0.0,4.5481318155924475,1.5795174916585286,-0.0012379288673400879,,
2000,obsfix,A,Blue_teapot,1,0.11714622378349304,0.2721880376338959,0.5471991300582886,-0.06192702054977417,False,False,0.002007603645324707,0.37607574462890625,0,0,0,0,0,0,0,0,0,0,0,0,0.0,0.0,0.0,0,0,0.0,0.0,3.584245808919271,1.665441131591797,-2.86102294921875e-06,0,0,0,0,0,0,0,0,0,0,0.0,0.0,0.0,0,0,0.0,0.0,18.651822916666667,1.581272506713867,-0.06192660331726074,,
2000,obsfix,A,Purse_brown_d58,1,0.12368395924568176,0.1670241355895996,0.5406889915466309,-5.960464477539063e-08,False,False,0.002007722854614258,0.44536101818084717,0,0,0,0,0,0,0,0,0,0,0,0,0.0,0.0,0.0,0,0,0.0,0.0,3.569830576578776,1.641607157389323,0.0,0,0,0,0,0,0,0,0,0,0,0.0,0.0,0.0,0,0,0.0,0.0,18.493505859375,1.6058492024739583,0.0,,
2000,obsfix,A,Wine_glass2_1_blue,1,0.1042587012052536,0.18143770098686218,0.555357813835144,-0.0036287903785705566,False,False,0.0019985437393188477,0.7803308963775635,0,0,0,0,0,0,0,0,0,0,0,0,0.0,0.0,0.0,0,0,0.0,0.0,1.9697891235351563,2.000537363688151,-0.0006167292594909668,0,0,0,0,0,0,0,0,0,0,0.0,0.0,0.0,0,0,0.0,0.0,6.473015340169271,2.3587305704752604,-0.0036284327507019043,,
2000,obsfix,A,Mug_8b_red,1,0.1257658302783966,0.11223877966403961,0.503725528717041,-0.008043766021728516,False,False,0.002000570297241211,0.39249223470687866,0,0,0,0,0,0,0,0,0,0,0,0,0.0,0.0,0.0,0,0,0.0,0.0,1.649371083577474,1.6703509012858073,-0.00045746564865112305,0,0,0,0,0,0,0,0,0,0,0.0,0.0,0.0,0,0,0.0,0.0,6.310590108235677,1.7353856404622396,-0.008043467998504639,,
2000,obsfix,A,Bear_34,1,0.1080009862780571,0.29511740803718567,0.5092487335205078,-0.031054556369781494,False,False,0.0020023584365844727,0.44188570976257324,0,0,0,0,0,0,0,0,0,0,0,0,0.0,0.0,0.0,0,0,0.0,0.0,2.0727400461832683,1.7093969980875652,-0.00036472082138061523,0,0,0,0,0,0,0,0,0,0,0.0,0.0,0.0,0,0,0.0,0.0,21.490641276041668,2.121139399210612,-0.031054437160491943,,
2000,obsfix,A,Camera_yellow,1,0.11059878021478653,0.14617814123630524,0.5956728458404541,-2.384185791015625e-07,False,False,0.0020025968551635742,0.4207801818847656,0,0,0,0,0,0,0,0,0,0,0,0,0.0,0.0,0.0,0,0,0.0,0.0,1.9641990661621094,1.955406697591146,-1.1920928955078125e-07,0,0,0,0,0,0,0,0,0,0,0.0,0.0,0.0,0,0,0.0,0.0,4.937722778320312,1.8091627756754558,-1.1920928955078125e-07,,
2000,obsfix,A,Hammer_40,1,0.1285119354724884,0.12924988567829132,0.5717346668243408,-0.011694610118865967,False,False,0.002000570297241211,0.37203294038772583,0,0,0,0,0,0,0,0,0,0,0,0,0.0,0.0,0.0,0,0,0.0,0.0,1.8648523966471353,1.9128053029378256,-0.0001315474510192871,0,0,0,0,0,0,0,0,0,0,0.0,0.0,0.0,0,0,0.0,0.0,3.904182942708333,1.6817511240641276,-0.011694371700286865,,
2000,obsfix,A,Black_mug,1,0.0979863852262497,0.12189682573080063,0.5877072811126709,-3.5762786865234375e-07,False,False,0.002001643180847168,0.3673560619354248,0,0,0,0,0,0,0,0,0,0,0,0,0.0,0.0,0.0,0,0,0.0,0.0,2.110214360555013,2.1718345642089845,0.0,0,0,0,0,0,0,0,0,0,0,0.0,0.0,0.0,0,0,0.0,0.0,5.511897786458333,1.9686747233072917,0.0,,
2000,obsfix,A,Teapot_brown,1,0.12715159356594086,0.24868106842041016,0.6322762966156006,-0.022340714931488037,False,False,0.0020028352737426758,0.4199225902557373,0,0,0,0,0,0,0,0,0,0,0,0,0.0,0.0,0.0,0,0,0.0,0.0,2.152313486735026,2.273853556315104,-3.921985626220703e-05,0,0,0,0,0,0,0,0,0,0,0.0,0.0,0.0,0,0,0.0,0.0,5.9407094319661455,2.1976781209309895,-0.02234053611755371,,
2000,obsfix,A,Wine_glass_body_blue,1,0.1004960685968399,0.1764356642961502,0.593029260635376,-0.015461385250091553,False,False,0.0020020008087158203,0.42317843437194824,0,0,0,0,0,0,0,0,0,0,0,0,0.0,0.0,0.0,0,0,0.0,0.0,2.1006195068359377,2.0052080790201825,-0.00014197826385498047,0,0,0,0,0,0,0,0,0,0,0.0,0.0,0.0,0,0,0.0,0.0,4.464571634928386,1.790328852335612,-0.015461206436157227,,
2000,obsfix,A,Red_chair,1,0.09118010103702545,0.12452980130910873,0.6051867008209229,-3.5762786865234375e-07,False,False,0.002002716064453125,0.44811761379241943,0,0,0,0,0,0,0,0,0,0,0,0,0.0,0.0,0.0,0,0,0.0,0.0,1.9812432607014974,2.0179486592610676,-1.7881393432617188e-07,0,0,0,0,0,0,0,0,0,0,0.0,0.0,0.0,0,0,0.0,0.0,5.177030436197916,1.903686269124349,-1.1920928955078125e-07,,
2000,obsfix,A,Watch_9f,1,0.123867467045784,0.07927167415618896,0.5861128568649292,-0.03735119104385376,False,False,0.0020014047622680664,0.4080686569213867,0,0,0,0,0,0,0,0,0,0,0,0,0.0,0.0,0.0,0,0,0.0,0.0,1.8855311075846355,2.001784006754557,-4.45246696472168e-05,0,0,0,0,0,0,0,0,0,0,0.0,0.0,0.0,0,0,0.0,0.0,4.5767155965169275,1.6780740102132161,-0.03716498613357544,,
2000,obsfix,A,Pan_gray,1,0.1058550775051117,0.22835053503513336,0.623792290687561,-0.04948019981384277,False,False,0.0020017623901367188,0.3740553855895996,0,0,0,0,0,0,0,0,0,0,0,0,0.0,0.0,0.0,0,0,0.0,0.0,2.1415870666503904,2.339499664306641,-9.47713851928711e-06,0,0,0,0,0,0,0,0,0,0,0.0,0.0,0.0,0,0,0.0,0.0,4.2629847208658855,2.0744810740152997,-0.04947996139526367,,
2000,obsfix,A,Blue_camera,1,0.12844276428222656,0.15859462320804596,0.6272581219673157,-1.7881393432617188e-07,False,False,0.002002716064453125,0.4650946855545044,0,0,0,0,0,0,0,0,0,0,0,0,0.0,0.0,0.0,0,0,0.0,0.0,2.050538508097331,2.17645746866862,-5.960464477539063e-08,0,0,0,0,0,0,0,0,0,0,0.0,0.0,0.0,0,0,0.0,0.0,5.204583740234375,2.0233774820963544,0.0,,
2000,obsfix,A,Vase_red_a1,1,0.13452108204364777,0.13710683584213257,0.5982733964920044,-0.0015829205513000488,False,False,0.0020017623901367188,0.43706977367401123,0,0,0,0,0,0,0,0,0,0,0,0,0.0,0.0,0.0,0,0,0.0,0.0,1.9773934682210286,2.1646832784016925,8.934736251831055e-05,0,0,0,0,0,0,0,0,0,0,0.0,0.0,0.0,0,0,0.0,0.0,4.338152058919271,1.807266108194987,-0.0015828609466552734,,
2000,obsfix,B,DrinkBottle_blue_1ef,1,0.13479015231132507,0.11901043355464935,0.5866062641143799,-0.0005372762680053711,False,False,0.002002120018005371,0.0,0,0,0,0,0,0,0,0,0,0,0,0,0.0,0.0,0.0,0,0,0.0,0.0,2.070510228474935,2.243988800048828,6.389617919921875e-05,0,0,0,0,0,0,0,0,0,0,0.0,0.0,0.0,0,0,0.0,0.0,5.222921244303385,1.9588197072347004,-0.0005370378494262695,,
2000,obsfix,B,Camera_brown,1,0.12005562335252762,0.143922820687294,0.6200457811355591,-0.0010103583335876465,False,False,0.002003192901611328,0.0,0,0,0,0,0,0,0,0,0,0,0,0,0.0,0.0,0.0,0,0,0.0,0.0,2.015775426228841,2.1945482889811196,-0.0008210539817810059,0,0,0,0,0,0,0,0,0,0,0.0,0.0,0.0,0,0,0.0,0.0,4.943597412109375,1.9678487141927083,-0.001010119915008545,,
2000,obsfix,B,Knife,1,0.13487347960472107,0.12839476764202118,0.5905648469924927,-0.004187226295471191,False,False,0.0020025968551635742,0.0,0,0,0,0,0,0,0,0,0,0,0,0,0.0,0.0,0.0,0,0,0.0,0.0,2.0168256123860675,2.1550328572591146,-0.000769495964050293,0,0,0,0,0,0,0,0,0,0,0.0,0.0,0.0,0,0,0.0,0.0,4.497652180989584,1.7648008982340495,-0.004187107086181641,,
2000,obsfix,B,Mug_yellow_18,1,0.12347521632909775,0.14409023523330688,0.587973952293396,-0.00016117095947265625,False,False,0.0020028352737426758,0.0,0,0,0,0,0,0,0,0,0,0,0,0,0.0,0.0,0.0,0,0,0.0,0.0,2.0767054239908855,2.0726445515950522,0.00021857023239135742,0,0,0,0,0,0,0,0,0,0,0.0,0.0,0.0,0,0,0.0,0.0,4.5869806925455725,1.8452105204264322,-0.0001609325408935547,,
2000,obsfix,B,Purse_red_f58,1,0.12390392273664474,0.17803271114826202,0.5714466571807861,-0.06127959489822388,False,False,0.0020040273666381836,0.0,0,0,0,0,0,0,0,0,0,0,0,0,0.0,0.0,0.0,0,0,0.0,0.0,1.8320363362630208,1.8893440246582032,-0.0002722740173339844,0,0,0,0,0,0,0,0,0,0,0.0,0.0,0.0,0,0,0.0,0.0,4.909464518229167,1.6041306813557943,-0.061279475688934326,,
2000,obsfix,B,Red_bottle,1,0.0937972441315651,0.07601679116487503,0.5201447606086731,7.152557373046875e-07,False,False,0.00200808048248291,0.0,0,0,0,0,0,0,0,0,0,0,0,0,0.0,0.0,0.0,0,0,0.0,0.0,3.3801600138346353,1.58102658589681,1.6689300537109375e-06,0,0,0,0,0,0,0,0,0,0,0.0,0.0,0.0,0,0,0.0,0.0,18.84954833984375,1.4668275197347005,9.5367431640625e-07,,
2000,obsfix,B,WineGlass_gray_9d,1,0.1348065733909607,0.09824151545763016,0.5602972507476807,-0.0009490251541137695,False,False,0.0020012855529785156,0.0,0,0,0,0,0,0,0,0,0,0,0,0,0.0,0.0,0.0,0,0,0.0,0.0,1.8456300099690754,1.9447113037109376,-2.7298927307128906e-05,0,0,0,0,0,0,0,0,0,0,0.0,0.0,0.0,0,0,0.0,0.0,5.892118326822916,1.8182058970133463,-0.0009487271308898926,,
2000,obsfix,B,CellPhone_4e,1,0.08414603024721146,0.18121090531349182,0.5945016145706177,-0.057489097118377686,False,False,0.0020030736923217773,0.0,0,0,0,0,0,0,0,0,0,0,0,0,0.0,0.0,0.0,0,0,0.0,0.0,1.986422602335612,2.05656255086263,-0.0004146695137023926,0,0,0,0,0,0,0,0,0,0,0.0,0.0,0.0,0,0,0.0,0.0,4.025003051757812,1.7245133717854817,-0.05748867988586426,,
2000,obsfix,B,Teapot_blue_high_3d2,1,0.11711526662111282,0.1804695874452591,0.5594134330749512,-0.05346423387527466,False,False,0.002001166343688965,0.0,0,0,0,0,0,0,0,0,0,0,0,0,0.0,0.0,0.0,0,0,0.0,0.0,1.7937877655029297,1.8371685028076172,-0.00045567750930786133,0,0,0,0,0,0,0,0,0,0,0.0,0.0,0.0,0,0,0.0,0.0,4.1335393269856775,1.870300547281901,-0.05346411466598511,,
2000,obsfix,B,Gun,1,0.12197545915842056,0.13934355974197388,0.5819715857505798,-0.0013581514358520508,False,False,0.0020024776458740234,0.0,0,0,0,0,0,0,0,0,0,0,0,0,0.0,0.0,0.0,0,0,0.0,0.0,2.10082524617513,2.1450236002604166,-0.0008492469787597656,0,0,0,0,0,0,0,0,0,0,0.0,0.0,0.0,0,0,0.0,0.0,7.1383310953776045,2.059617106119792,-0.0013579130172729492,,
2000,obsfix,B,Donut,1,0.13184668123722076,0.10868589580059052,0.5309144258499146,-1.1920928955078125e-07,False,False,0.0020024776458740234,0.0,0,0,0,0,0,0,0,0,0,0,0,0,0.0,0.0,0.0,0,0,0.0,0.0,1.6009045918782552,1.7116827646891275,-5.960464477539063e-08,0,0,0,0,0,0,0,0,0,0,0.0,0.0,0.0,0,0,0.0,0.0,5.5721989949544275,1.6009777069091797,-1.1920928955078125e-07,,
2000,obsfix,B,Plate_gold_69,1,0.11746063083410263,0.19159802794456482,0.5969218015670776,-0.04573458433151245,False,False,0.0020024776458740234,0.0,0,0,0,0,0,0,0,0,0,0,0,0,0.0,0.0,0.0,0,0,0.0,0.0,2.028961944580078,2.1655375162760415,-2.8371810913085938e-05,0,0,0,0,0,0,0,0,0,0,0.0,0.0,0.0,0,0,0.0,0.0,4.605947875976563,1.924327596028646,-0.045734524726867676,,
2000,obsfix,B,Red_scissor,1,0.13182136416435242,0.08607469499111176,0.4434441328048706,-4.172325134277344e-07,False,False,0.002003192901611328,0.0,0,0,0,0,0,0,0,0,0,0,0,0,0.0,0.0,0.0,0,0,0.0,0.0,1.7320812225341797,1.3914546966552734,-1.1920928955078125e-07,0,0,0,0,0,0,0,0,0,0,0.0,0.0,0.0,0,0,0.0,0.0,9.695481363932291,1.4571893056233725,-5.960464477539063e-08,,
2000,obsfix,B,Mug_gray_d7,1,0.12530727684497833,0.11649695783853531,0.5126150846481323,-0.00301361083984375,False,False,0.0020018815994262695,0.0,0,0,0,0,0,0,0,0,0,0,0,0,0.0,0.0,0.0,0,0,0.0,0.0,1.6262786865234375,1.682137680053711,-8.344650268554688e-06,0,0,0,0,0,0,0,0,0,0,0.0,0.0,0.0,0,0,0.0,0.0,6.004102071126302,1.7141676584879557,-0.0030133724212646484,,
2000,obsfix,B,Stapler_gray_d9,1,0.13858290016651154,0.11402931809425354,0.5605624318122864,-0.0012380480766296387,False,False,0.0020029544830322266,0.0,0,0,0,0,0,0,0,0,0,0,0,0,0.0,0.0,0.0,0,0,0.0,0.0,1.6449597676595051,1.8241587320963542,-0.00022453069686889648,0,0,0,0,0,0,0,0,0,0,0.0,0.0,0.0,0,0,0.0,0.0,4.5504918416341145,1.5795174916585286,-0.0012379288673400879,,
2000,obsfix,B,Blue_teapot,1,0.11714622378349304,0.2721880376338959,0.5471991300582886,-0.06192702054977417,False,False,0.0020079612731933594,0.0,0,0,0,0,0,0,0,0,0,0,0,0,0.0,0.0,0.0,0,0,0.0,0.0,3.584245808919271,1.665441131591797,-2.86102294921875e-06,0,0,0,0,0,0,0,0,0,0,0.0,0.0,0.0,0,0,0.0,0.0,18.646087646484375,1.581272506713867,-0.06192660331726074,,
2000,obsfix,B,Purse_brown_d58,1,0.12368395924568176,0.1670241355895996,0.5406889915466309,-5.960464477539063e-08,False,False,0.0020079612731933594,0.0,0,0,0,0,0,0,0,0,0,0,0,0,0.0,0.0,0.0,0,0,0.0,0.0,3.569830576578776,1.641607157389323,0.0,0,0,0,0,0,0,0,0,0,0,0.0,0.0,0.0,0,0,0.0,0.0,18.487123616536458,1.6058492024739583,0.0,,
2000,obsfix,B,Wine_glass2_1_blue,1,0.1042587012052536,0.18143770098686218,0.555357813835144,-0.0036287903785705566,False,False,0.0020002126693725586,0.0,0,0,0,0,0,0,0,0,0,0,0,0,0.0,0.0,0.0,0,0,0.0,0.0,1.9697891235351563,2.000537363688151,-0.0006167292594909668,0,0,0,0,0,0,0,0,0,0,0.0,0.0,0.0,0,0,0.0,0.0,6.4779713948567705,2.3587305704752604,-0.0036284327507019043,,
2000,obsfix,B,Mug_8b_red,1,0.1257658302783966,0.11223877966403961,0.503725528717041,-0.008043766021728516,False,False,0.0020020008087158203,0.0,0,0,0,0,0,0,0,0,0,0,0,0,0.0,0.0,0.0,0,0,0.0,0.0,1.649371083577474,1.6703509012858073,-0.00045746564865112305,0,0,0,0,0,0,0,0,0,0,0.0,0.0,0.0,0,0,0.0,0.0,6.314079793294271,1.7353856404622396,-0.008043467998504639,,
2000,obsfix,B,Bear_34,1,0.1080009862780571,0.29511740803718567,0.5092487335205078,-0.031054556369781494,False,False,0.0020040273666381836,0.0,0,0,0,0,0,0,0,0,0,0,0,0,0.0,0.0,0.0,0,0,0.0,0.0,2.0727400461832683,1.7093969980875652,-0.00036472082138061523,0,0,0,0,0,0,0,0,0,0,0.0,0.0,0.0,0,0,0.0,0.0,21.48947550455729,2.121139399210612,-0.031054437160491943,,
2000,obsfix,B,Camera_yellow,1,0.11059878021478653,0.14617814123630524,0.5956728458404541,-2.384185791015625e-07,False,False,0.0020041465759277344,0.0,0,0,0,0,0,0,0,0,0,0,0,0,0.0,0.0,0.0,0,0,0.0,0.0,1.9641990661621094,1.955406697591146,-1.1920928955078125e-07,0,0,0,0,0,0,0,0,0,0,0.0,0.0,0.0,0,0,0.0,0.0,4.939215087890625,1.8091627756754558,-1.1920928955078125e-07,,
2000,obsfix,B,Hammer_40,1,0.1285119354724884,0.12924988567829132,0.5717346668243408,-0.011694610118865967,False,False,0.002002716064453125,0.0,0,0,0,0,0,0,0,0,0,0,0,0,0.0,0.0,0.0,0,0,0.0,0.0,1.8648523966471353,1.9128053029378256,-0.0001315474510192871,0,0,0,0,0,0,0,0,0,0,0.0,0.0,0.0,0,0,0.0,0.0,3.907506306966146,1.6817511240641276,-0.011694371700286865,,
2000,obsfix,B,Black_mug,1,0.0979863852262497,0.12189682573080063,0.5877072811126709,-3.5762786865234375e-07,False,False,0.0020024776458740234,0.0,0,0,0,0,0,0,0,0,0,0,0,0,0.0,0.0,0.0,0,0,0.0,0.0,2.110214360555013,2.1718345642089845,0.0,0,0,0,0,0,0,0,0,0,0,0.0,0.0,0.0,0,0,0.0,0.0,5.5114191691080725,1.9686747233072917,0.0,,
2000,obsfix,B,Teapot_brown,1,0.12715159356594086,0.24868106842041016,0.6322762966156006,-0.022340714931488037,False,False,0.002003192901611328,0.0,0,0,0,0,0,0,0,0,0,0,0,0,0.0,0.0,0.0,0,0,0.0,0.0,2.152313486735026,2.273853556315104,-3.921985626220703e-05,0,0,0,0,0,0,0,0,0,0,0.0,0.0,0.0,0,0,0.0,0.0,5.941520690917969,2.1976781209309895,-0.02234053611755371,,
2000,obsfix,B,Wine_glass_body_blue,1,0.1004960685968399,0.1764356642961502,0.593029260635376,-0.015461385250091553,False,False,0.0020035505294799805,0.0,0,0,0,0,0,0,0,0,0,0,0,0,0.0,0.0,0.0,0,0,0.0,0.0,2.1006195068359377,2.0052080790201825,-0.00014197826385498047,0,0,0,0,0,0,0,0,0,0,0.0,0.0,0.0,0,0,0.0,0.0,4.464512634277344,1.790328852335612,-0.015461206436157227,,
2000,obsfix,B,Red_chair,1,0.09118010103702545,0.12452980130910873,0.6051867008209229,-3.5762786865234375e-07,False,False,0.002003788948059082,0.0,0,0,0,0,0,0,0,0,0,0,0,0,0.0,0.0,0.0,0,0,0.0,0.0,1.9812432607014974,2.0179486592610676,-1.7881393432617188e-07,0,0,0,0,0,0,0,0,0,0,0.0,0.0,0.0,0,0,0.0,0.0,5.1770070393880205,1.903686269124349,-1.1920928955078125e-07,,
2000,obsfix,B,Watch_9f,1,0.123867467045784,0.07927167415618896,0.5861128568649292,-0.03735119104385376,False,False,0.0020030736923217773,0.0,0,0,0,0,0,0,0,0,0,0,0,0,0.0,0.0,0.0,0,0,0.0,0.0,1.8855311075846355,2.001784006754557,-4.45246696472168e-05,0,0,0,0,0,0,0,0,0,0,0.0,0.0,0.0,0,0,0.0,0.0,4.576585896809896,1.6780740102132161,-0.03716498613357544,,
2000,obsfix,B,Pan_gray,1,0.1058550775051117,0.22835053503513336,0.623792290687561,-0.04948019981384277,False,False,0.0020029544830322266,0.0,0,0,0,0,0,0,0,0,0,0,0,0,0.0,0.0,0.0,0,0,0.0,0.0,2.1415870666503904,2.339499664306641,-9.47713851928711e-06,0,0,0,0,0,0,0,0,0,0,0.0,0.0,0.0,0,0,0.0,0.0,4.264347076416016,2.0744810740152997,-0.04947996139526367,,
2000,obsfix,B,Blue_camera,1,0.12844276428222656,0.15859462320804596,0.6272581219673157,-1.7881393432617188e-07,False,False,0.002003192901611328,0.0,0,0,0,0,0,0,0,0,0,0,0,0,0.0,0.0,0.0,0,0,0.0,0.0,2.050538508097331,2.17645746866862,-5.960464477539063e-08,0,0,0,0,0,0,0,0,0,0,0.0,0.0,0.0,0,0,0.0,0.0,5.20508778889974,2.0233774820963544,0.0,,
2000,obsfix,B,Vase_red_a1,1,0.13452108204364777,0.13710683584213257,0.5982733964920044,-0.0015829205513000488,False,False,0.0020025968551635742,0.0,0,0,0,0,0,0,0,0,0,0,0,0,0.0,0.0,0.0,0,0,0.0,0.0,1.9773934682210286,2.1646832784016925,8.934736251831055e-05,0,0,0,0,0,0,0,0,0,0,0.0,0.0,0.0,0,0,0.0,0.0,4.338446553548177,1.807266108194987,-0.0015828609466552734,,
