object,round,source_success,active_height_success,paper_stable_success,final_height_gain_m,max_active_height_gain_m,failure_step,failure_reason,dropped_after_crossing,hold_translation_drift_m,hold_rotation_drift_rad
off_water_body,1,False,False,,-0.002319037914276123,-0.000901341438293457,-1,height_below_threshold,False,,
008_pudding_box,1,True,False,,0.19363617897033691,,1,invalid_observation,False,,
car_down,1,False,False,,-0.0012938380241394043,-0.0005982518196105957,-1,height_below_threshold,False,,
011_banana,1,False,False,,-0.00041031837463378906,-0.00025916099548339844,-1,height_below_threshold,False,,
mouse,1,False,False,,-0.0022066831588745117,-0.0019009113311767578,-1,height_below_threshold,False,,
019_pitcher_base,1,False,False,,0.0002676844596862793,0.0006223917007446289,-1,height_below_threshold,False,,
suger_box_oriented,1,False,False,,-0.0013560056686401367,-0.0012529492378234863,-1,height_below_threshold,False,,
wood_block_oriented,1,False,False,,-0.0012449026107788086,-0.0009676814079284668,-1,height_below_threshold,False,,
big_tape,1,False,False,,-4.0531158447265625e-06,-4.0531158447265625e-06,-1,height_below_threshold,False,,
036_wood_block,1,False,False,,-0.00010401010513305664,-8.112192153930664e-05,-1,height_below_threshold,False,,
cracker_box_oriented,1,False,False,,-0.0005434751510620117,-0.0001481771469116211,-1,height_below_threshold,False,,
small_tape,1,False,False,,-0.00011247396469116211,-0.00011247396469116211,-1,height_below_threshold,False,,
010_potted_meat_can,1,False,False,,-0.0005973577499389648,-0.0005942583084106445,-1,height_below_threshold,False,,
035_power_drill,1,False,False,,-0.0006287693977355957,-0.00018543004989624023,-1,height_below_threshold,False,,
hammer,1,False,False,,-0.0014944672584533691,-0.000687718391418457,-1,height_below_threshold,False,,
solder_iron_head,1,False,False,,-0.0017933845520019531,-0.0007935166358947754,-1,height_below_threshold,False,,
