object,round,pregrasp_distance_m,grasp_end_distance_m,hand_joint_movement_rad,height_gain_m,source_success,strict_success,lift_arm_target_residual_rad,lift_max_hand_target_drift_rad,grasp_end_contact_bodies,lift_final_retained_bodies,grasp_object_contact_steps,grasp_top_contact_steps,grasp_bottom_contact_steps,grasp_table_contact_steps,grasp_two_plus_contacts_steps,grasp_three_plus_contacts_steps,grasp_thumb_index_steps,grasp_thumb_middle_steps,grasp_thumb_ring_steps,grasp_thumb_multiple_steps,grasp_top_peak_N,grasp_bottom_peak_N,grasp_table_peak_N,grasp_max_simultaneous_bodies,grasp_max_simultaneous_fingertips,grasp_longest_body_contact_s,grasp_longest_any_contact_s,grasp_arm_raw_action_mean_abs,grasp_hand_raw_action_mean_abs,grasp_max_height_gain_m,lift_object_contact_steps,lift_top_contact_steps,lift_bottom_contact_steps,lift_table_contact_steps,lift_two_plus_contacts_steps,lift_three_plus_contacts_steps,lift_thumb_index_steps,lift_thumb_middle_steps,lift_thumb_ring_steps,lift_thumb_multiple_steps,lift_top_peak_N,lift_bottom_peak_N,lift_table_peak_N,lift_max_simultaneous_bodies,lift_max_simultaneous_fingertips,lift_longest_body_contact_s,lift_longest_any_contact_s,lift_arm_raw_action_mean_abs,lift_hand_raw_action_mean_abs,lift_max_height_gain_m,lift_contact_retention_fraction,lift_same_body_retention_fraction
DrinkBottle_blue_1ef,1,0.13479015231132507,0.01568484678864479,0.23003050684928894,-0.0005372166633605957,False,False,0.002007126808166504,0.2212042212486267,0,0,0,0,0,0,0,0,0,0,0,0,0.0,0.0,0.0,0,0,0.0,0.0,0.9703377405802409,0.8008042653401692,0.005058646202087402,0,0,0,0,0,0,0,0,0,0,0.0,0.0,0.0,0,0,0.0,0.0,4.42997080485026,0.8200779596964518,-0.0004972219467163086,,
Camera_brown,1,0.12005562335252762,0.05551452934741974,0.24103565514087677,-0.0010103583335876465,False,False,0.0020072460174560547,0.20750868320465088,0,0,0,0,0,0,0,0,0,0,0,0,0.0,0.0,0.0,0,0,0.0,0.0,0.8260769526163737,0.8423709869384766,-0.0008210539817810059,0,0,0,0,0,0,0,0,0,0,0.0,0.0,0.0,0,0,0.0,0.0,4.459369913736979,0.7006350835164388,-0.001010119915008545,,
Knife,1,0.13487347960472107,0.03373393043875694,0.2385980486869812,-0.004187226295471191,False,False,0.0020072460174560547,0.20172786712646484,0,0,0,0,0,0,0,0,0,0,0,0,0.0,0.0,0.0,0,0,0.0,0.0,0.8899319966634115,0.7918361028035482,-0.000769495964050293,0,0,0,0,0,0,0,0,0,0,0.0,0.0,0.0,0,0,0.0,0.0,3.6963485717773437,0.7007575352986654,-0.004187107086181641,,
Mug_yellow_18,1,0.12347521632909775,0.02780635841190815,0.24020323157310486,-0.00016117095947265625,False,False,0.002007126808166504,0.21388733386993408,0,0,0,0,0,0,0,0,0,0,0,0,0.0,0.0,0.0,0,0,0.0,0.0,0.8892412185668945,0.8799299240112305,0.00021857023239135742,0,0,0,0,0,0,0,0,0,0,0.0,0.0,0.0,0,0,0.0,0.0,4.246552530924479,0.7736818313598632,-0.0001609325408935547,,
Purse_red_f58,1,0.12390392273664474,0.11046713590621948,0.2938119173049927,-0.06127959489822388,False,False,0.0020072460174560547,0.19900140166282654,0,0,0,0,0,0,0,0,0,0,0,0,0.0,0.0,0.0,0,0,0.0,0.0,0.9760619481404622,1.138768768310547,-0.0002722740173339844,0,0,0,0,0,0,0,0,0,0,0.0,0.0,0.0,0,0,0.0,0.0,3.0083399454752606,0.7681586583455403,-0.061279475688934326,,
Red_bottle,1,0.0937972441315651,0.07341103255748749,0.25076353549957275,-0.06291401386260986,False,False,0.002011537551879883,0.19372791051864624,0,0,0,0,0,0,0,0,0,0,0,0,0.0,0.0,0.0,0,0,0.0,0.0,1.1379823048909505,1.2160701751708984,0.0032013654708862305,5,5,0,0,0,0,0,0,0,0,3.0208683013916016,0.0,0.0,1,1,0.03333333333333333,0.05,19.887066650390626,0.8479997634887695,0.0035979151725769043,,
WineGlass_gray_9d,1,0.1348065733909607,0.029862837865948677,0.2857193946838379,-0.0009490251541137695,False,False,0.0020079612731933594,0.19934727251529694,0,0,0,0,0,0,0,0,0,0,0,0,0.0,0.0,0.0,0,0,0.0,0.0,1.0987199147542317,1.0884718577067056,-2.7298927307128906e-05,0,0,0,0,0,0,0,0,0,0,0.0,0.0,0.0,0,0,0.0,0.0,4.352423604329427,0.8088530858357748,-0.0009487271308898926,,
CellPhone_4e,1,0.08414603024721146,0.03262117877602577,0.2639849781990051,-0.057489097118377686,False,False,0.0020072460174560547,0.1983603537082672,0,0,0,0,0,0,0,0,0,0,0,0,0.0,0.0,0.0,0,0,0.0,0.0,0.9024180730183919,0.9439723332722981,-0.0004146695137023926,0,0,0,0,0,0,0,0,0,0,0.0,0.0,0.0,0,0,0.0,0.0,3.081731160481771,0.6077016194661459,-0.05748867988586426,,
Teapot_blue_high_3d2,1,0.11711526662111282,0.08539284020662308,0.2871784567832947,-0.05346423387527466,False,False,0.0020074844360351562,0.19924625754356384,0,0,0,0,0,0,0,0,0,0,0,0,0.0,0.0,0.0,0,0,0.0,0.0,1.111855443318685,1.1864866892496744,-0.00045567750930786133,0,0,0,0,0,0,0,0,0,0,0.0,0.0,0.0,0,0,0.0,0.0,3.546142578125,0.8332997004191081,-0.05346411466598511,,
Gun,1,0.12197545915842056,0.027155937626957893,0.2693597078323364,-0.0013581514358520508,False,False,0.0020072460174560547,0.19926072657108307,0,0,0,0,0,0,0,0,0,0,0,0,0.0,0.0,0.0,0,0,0.0,0.0,1.002004877726237,0.9350270589192708,-0.0008492469787597656,0,0,0,0,0,0,0,0,0,0,0.0,0.0,0.0,0,0,0.0,0.0,6.944563802083334,0.7350485483805339,-0.0013579130172729492,,
Donut,1,0.13184668123722076,0.07072436064481735,0.28754955530166626,-1.1920928955078125e-07,False,False,0.002007722854614258,0.1993110179901123,0,0,0,0,0,0,0,0,0,0,0,0,0.0,0.0,0.0,0,0,0.0,0.0,1.1767264048258463,1.2117703755696614,-5.960464477539063e-08,0,0,0,0,0,0,0,0,0,0,0.0,0.0,0.0,0,0,0.0,0.0,2.849603271484375,0.8279717763264974,-1.1920928955078125e-07,,
Plate_gold_69,1,0.11746063083410263,0.044821009039878845,0.24911969900131226,-0.04573458433151245,False,False,0.002007126808166504,0.19845619797706604,0,0,0,0,0,0,0,0,0,0,0,0,0.0,0.0,0.0,0,0,0.0,0.0,0.8544584910074869,0.8369035720825195,-2.8371810913085938e-05,0,0,0,0,0,0,0,0,0,0,0.0,0.0,0.0,0,0,0.0,0.0,4.7524164835611975,0.6498864491780599,-0.045734524726867676,,
Red_scissor,1,0.13182136416435242,0.016836827620863914,0.2694016098976135,-2.980232238769531e-07,False,False,0.0020093917846679688,0.1981758177280426,0,0,0,0,0,0,0,0,0,0,0,0,0.0678098127245903,0.0,0.0,0,0,0.0,0.0,1.0981900533040365,1.047410519917806,0.0002937912940979004,0,0,0,0,0,0,0,0,0,0,0.0,0.0,0.0,0,0,0.0,0.0,8.235502624511719,0.826194699605306,-5.960464477539063e-08,,
Mug_gray_d7,1,0.12530727684497833,0.07145605236291885,0.2925579845905304,-0.00301361083984375,False,False,0.002008199691772461,0.19925376772880554,0,0,0,0,0,0,0,0,0,0,0,0,0.0,0.0,0.0,0,0,0.0,0.0,1.2357800801595051,1.261996078491211,-8.344650268554688e-06,0,0,0,0,0,0,0,0,0,0,0.0,0.0,0.0,0,0,0.0,0.0,2.634210713704427,0.8489475886027018,-0.0030133724212646484,,
Stapler_gray_d9,1,0.13858290016651154,0.09080661088228226,0.28720736503601074,-0.0012380480766296387,False,False,0.0020074844360351562,0.19931510090827942,0,0,0,0,0,0,0,0,0,0,0,0,0.0,0.0,0.0,0,0,0.0,0.0,1.1412985483805338,1.1782559712727865,-0.00022453069686889648,0,0,0,0,0,0,0,0,0,0,0.0,0.0,0.0,0,0,0.0,0.0,2.5894292195638022,0.8146820704142252,-0.0012379288673400879,,
Blue_teapot,1,0.11714622378349304,0.05903410166501999,0.2502996027469635,-0.061926841735839844,False,False,0.0020116567611694336,0.19224143028259277,0,0,0,0,0,0,0,0,0,0,0,0,0.0,0.0,0.0,0,0,0.0,0.0,1.1920422871907552,1.2297643025716145,-2.86102294921875e-06,0,0,0,0,0,0,0,0,0,0,0.0,0.0,0.0,0,0,0.0,0.0,20.181563313802084,0.8473914464314779,-0.05750453472137451,,
Purse_brown_d58,1,0.12368395924568176,0.05586479231715202,0.23950421810150146,-0.04037153720855713,False,False,0.0020116567611694336,0.18619202077388763,0,0,0,0,0,0,0,0,0,0,0,0,0.0,0.0,0.0,0,0,0.0,0.0,1.0270817438761393,1.1670632680257162,0.0016827583312988281,3,3,0,0,0,0,0,0,0,0,1.4632830619812012,0.0,0.0,1,1,0.03333333333333333,0.05,19.740854899088543,0.8469847361246745,0.0023421645164489746,,
Wine_glass2_1_blue,1,0.1042587012052536,0.10319941490888596,0.29247790575027466,-0.0036287903785705566,False,False,0.002008199691772461,0.2039794921875,0,0,0,0,0,0,0,0,0,0,0,0,0.0,0.0,0.0,0,0,0.0,0.0,1.140071487426758,1.105615488688151,-0.0006167292594909668,0,0,0,0,0,0,0,0,0,0,0.0,0.0,0.0,0,0,0.0,0.0,4.334866333007812,0.8459372838338216,-0.0036284327507019043,,
Mug_8b_red,1,0.1257658302783966,0.07892658561468124,0.2877641022205353,-0.008043766021728516,False,False,0.0020078420639038086,0.19930803775787354,0,0,0,0,0,0,0,0,0,0,0,0,0.0,0.0,0.0,0,0,0.0,0.0,1.1976414998372396,1.2455437978108723,-0.00045746564865112305,0,0,0,0,0,0,0,0,0,0,0.0,0.0,0.0,0,0,0.0,0.0,2.935353088378906,0.8308634440104167,-0.008043467998504639,,
Bear_34,1,0.1080009862780571,0.07356590032577515,0.1871514618396759,-0.031054675579071045,False,False,0.002007603645324707,0.19778703153133392,0,0,0,0,0,0,0,0,0,0,0,0,0.0,0.0,0.0,0,0,0.0,0.0,1.0458980560302735,0.6577482223510742,-0.00036472082138061523,0,0,0,0,0,0,0,0,0,0,0.0,0.0,0.0,0,0,0.0,0.0,21.07618408203125,0.6169899622599284,-0.031014084815979004,,
Camera_yellow,1,0.11059878021478653,0.01664014160633087,0.2605915069580078,-2.384185791015625e-07,False,False,0.0020073652267456055,0.19817520678043365,0,0,0,0,0,0,0,0,0,0,0,0,0.0,0.0,0.0,0,0,0.0,0.0,0.8739166895548502,0.8835653940836589,-1.1920928955078125e-07,0,0,0,0,0,0,0,0,0,0,0.0,0.0,0.0,0,0,0.0,0.0,3.397748565673828,0.6151325225830078,-1.1920928955078125e-07,,
Hammer_40,1,0.1285119354724884,0.02297586016356945,0.2919013202190399,-0.011694610118865967,False,False,0.0020073652267456055,0.19914335012435913,0,0,0,0,0,0,0,0,0,0,0,0,0.0,0.0,0.0,0,0,0.0,0.0,0.8906489690144856,0.9699495951334636,-0.0001315474510192871,0,0,0,0,0,0,0,0,0,0,0.0,0.0,0.0,0,0,0.0,0.0,3.0267817179361978,0.7261507034301757,-0.011694371700286865,,
Black_mug,1,0.0979863852262497,0.06193225085735321,0.29868224263191223,-3.5762786865234375e-07,False,False,0.0020066499710083008,0.22297954559326172,0,0,0,0,0,0,0,0,0,0,0,0,0.0,0.0,0.0,0,0,0.0,0.0,1.1127435048421224,1.0417729059855143,0.0,0,0,0,0,0,0,0,0,0,0,0.0,0.0,0.0,0,0,0.0,0.0,6.206797790527344,0.8555144627888998,0.0,,
Teapot_brown,1,0.12715159356594086,0.08501314371824265,0.26679277420043945,-0.022340714931488037,False,False,0.002007603645324707,0.19817529618740082,0,0,0,0,0,0,0,0,0,0,0,0,0.0,0.0,0.0,0,0,0.0,0.0,0.9651494979858398,0.9778322219848633,-3.921985626220703e-05,0,0,0,0,0,0,0,0,0,0,0.0,0.0,0.0,0,0,0.0,0.0,4.601519775390625,0.6859048207600912,-0.02234053611755371,,
Wine_glass_body_blue,1,0.1004960685968399,0.034032002091407776,0.25541648268699646,-0.015461385250091553,False,False,0.0020073652267456055,0.19817548990249634,0,0,0,0,0,0,0,0,0,0,0,0,0.0,0.0,0.0,0,0,0.0,0.0,0.9024180730183919,0.9196484247843425,-0.00014197826385498047,0,0,0,0,0,0,0,0,0,0,0.0,0.0,0.0,0,0,0.0,0.0,3.891968027750651,0.6597091674804687,-0.015461206436157227,,
Red_chair,1,0.09118010103702545,0.043677959591150284,0.25430265069007874,-3.5762786865234375e-07,False,False,0.0020073652267456055,0.2021334171295166,0,0,0,0,0,0,0,0,0,0,0,0,0.0,0.0,0.0,0,0,0.0,0.0,0.8742649714152019,0.9003470102945964,-1.7881393432617188e-07,0,0,0,0,0,0,0,0,0,0,0.0,0.0,0.0,0,0,0.0,0.0,4.472245279947916,0.6654823303222657,-1.1920928955078125e-07,,
Watch_9f,1,0.123867467045784,0.01329982653260231,0.2782531678676605,-0.03763657808303833,False,False,0.002007007598876953,0.19890987873077393,0,0,0,0,0,0,0,0,0,0,0,0,0.0,0.0,0.0,0,0,0.0,0.0,0.8877257664998373,0.9591592152913412,-4.45246696472168e-05,0,0,0,0,0,0,0,0,0,0,0.0,0.0,0.0,0,0,0.0,0.0,3.543286895751953,0.6031258900960287,-0.03524082899093628,,
Pan_gray,1,0.1058550775051117,0.07937616109848022,0.2558140456676483,-0.04948019981384277,False,False,0.0020073652267456055,0.1981755942106247,0,0,0,0,0,0,0,0,0,0,0,0,0.0,0.0,0.0,0,0,0.0,0.0,0.8999982198079427,0.9289651234944661,-9.47713851928711e-06,0,0,0,0,0,0,0,0,0,0,0.0,0.0,0.0,0,0,0.0,0.0,3.471501922607422,0.6938605626424154,-0.04947996139526367,,
Blue_camera,1,0.12844276428222656,0.0573287270963192,0.2548428773880005,-1.7881393432617188e-07,False,False,0.0020073652267456055,0.20696008205413818,0,0,0,0,0,0,0,0,0,0,0,0,0.0,0.0,0.0,0,0,0.0,0.0,0.8768971125284831,0.927571169535319,-5.960464477539063e-08,0,0,0,0,0,0,0,0,0,0,0.0,0.0,0.0,0,0,0.0,0.0,4.913844807942708,0.6964256922403972,0.0,,
Vase_red_a1,1,0.13452108204364777,0.044976238161325455,0.23470154404640198,-0.0015829205513000488,False,False,0.002007126808166504,0.20767903327941895,0,0,0,0,0,0,0,0,0,0,0,0,0.0,0.0,0.0,0,0,0.0,0.0,0.8533624013264974,0.8307929356892904,8.934736251831055e-05,0,0,0,0,0,0,0,0,0,0,0.0,0.0,0.0,0,0,0.0,0.0,3.497449747721354,0.7274372736612956,-0.0015828609466552734,,
DrinkBottle_blue_1ef,2,0.13114795088768005,0.040620431303977966,0.2857312560081482,-3.8504600524902344e-05,False,False,0.002007603645324707,0.19937008619308472,0,0,0,0,0,0,0,0,0,0,0,0,0.0,0.0,0.0,0,0,0.0,0.0,1.0641974131266276,1.087218983968099,0.0008714199066162109,0,0,0,0,0,0,0,0,0,0,0.0,0.0,0.0,0,0,0.0,0.0,3.509393056233724,0.8042125701904297,-3.838539123535156e-05,,
Camera_brown,2,0.11776544153690338,0.02878606878221035,0.23849782347679138,-0.0010104775428771973,False,False,0.002007126808166504,0.21400880813598633,0,0,0,0,0,0,0,0,0,0,0,0,0.0,0.0,0.0,0,0,0.0,0.0,0.8642738978068034,0.8391836166381836,-0.0008185505867004395,0,0,0,0,0,0,0,0,0,0,0.0,0.0,0.0,0,0,0.0,0.0,4.7774200439453125,0.7632421493530274,-0.001010119915008545,,
Knife,2,0.10290126502513885,0.07366549223661423,0.26991671323776245,-0.004187464714050293,False,False,0.0020072460174560547,0.19817936420440674,0,0,0,0,0,0,0,0,0,0,0,0,0.0,0.0,0.0,0,0,0.0,0.0,0.9607738494873047,1.0352071126302083,-0.0007693767547607422,0,0,0,0,0,0,0,0,0,0,0.0,0.0,0.0,0,0,0.0,0.0,5.416494750976563,0.7017184575398763,-0.004187107086181641,,
Mug_yellow_18,2,0.11164674907922745,0.04400094971060753,0.28947755694389343,-0.00016129016876220703,False,False,0.002007126808166504,0.19931380450725555,0,0,0,0,0,0,0,0,0,0,0,0,0.0,0.0,0.0,0,0,0.0,0.0,0.9804568608601888,1.0590984344482421,0.00021731853485107422,0,0,0,0,0,0,0,0,0,0,0.0,0.0,0.0,0,0,0.0,0.0,2.5601097106933595,0.7896422704060873,-0.0001609325408935547,,
Purse_red_f58,2,0.10116161406040192,0.11358465999364853,0.28903770446777344,-0.06127959489822388,False,False,0.0020078420639038086,0.1993066370487213,0,0,0,0,0,0,0,0,0,0,0,0,0.0,0.0,0.0,0,0,0.0,0.0,1.2058066050211589,1.337683868408203,-0.00027245283126831055,0,0,0,0,0,0,0,0,0,0,0.0,0.0,0.0,0,0,0.0,0.0,2.3949618021647137,0.8481828689575195,-0.06127941608428955,,
Red_bottle,2,0.08881890028715134,0.04731281101703644,0.2945259213447571,2.384185791015625e-07,False,False,0.002007126808166504,0.1993550956249237,0,0,0,0,0,0,0,0,0,0,0,0,0.0,0.0,0.0,0,0,0.0,0.0,0.9687589009602865,1.0621381759643556,1.430511474609375e-06,0,0,0,0,0,0,0,0,0,0,0.0,0.0,0.0,0,0,0.0,0.0,2.4903905232747396,0.7987340291341146,1.3113021850585938e-06,,
WineGlass_gray_9d,2,0.1152828186750412,0.04435468465089798,0.28797733783721924,-0.0009490251541137695,False,False,0.0020072460174560547,0.19917480647563934,0,0,0,0,0,0,0,0,0,0,0,0,0.0,0.0,0.0,0,0,0.0,0.0,0.9176340738932292,1.030240567525228,-2.7298927307128906e-05,0,0,0,0,0,0,0,0,0,0,0.0,0.0,0.0,0,0,0.0,0.0,2.627391306559245,0.746492576599121,-0.0009486675262451172,,
CellPhone_4e,2,0.08928408473730087,0.029729869216680527,0.24358844757080078,-0.057488977909088135,False,False,0.002007007598876953,0.1983075737953186,0,0,0,0,0,0,0,0,0,0,0,0,0.0,0.0,0.0,0,0,0.0,0.0,0.8781270980834961,0.8826265335083008,-0.0004150271415710449,0,0,0,0,0,0,0,0,0,0,0.0,0.0,0.0,0,0,0.0,0.0,4.416355895996094,0.7082602818806966,-0.05747300386428833,,
Teapot_blue_high_3d2,2,0.12061776220798492,0.10115756839513779,0.24745643138885498,-0.053463757038116455,False,False,0.0020072460174560547,0.20080339908599854,0,0,0,0,0,0,0,0,0,0,0,0,0.0,0.0,0.0,0,0,0.0,0.0,0.8828649520874023,0.8990757624308269,-0.00045561790466308594,0,0,0,0,0,0,0,0,0,0,0.0,0.0,0.0,0,0,0.0,0.0,3.285936482747396,0.6975837071736654,-0.053463637828826904,,
Gun,2,0.1357976645231247,0.09354254603385925,0.288862943649292,-0.0013580918312072754,False,False,0.0020072460174560547,0.19929936528205872,0,0,0,0,0,0,0,0,0,0,0,0,0.0,0.0,0.0,0,0,0.0,0.0,1.0252739588419597,1.1044273376464844,-0.0008461475372314453,0,0,0,0,0,0,0,0,0,0,0.0,0.0,0.0,0,0,0.0,0.0,2.5996274312337238,0.7746206919352213,-0.0013579130172729492,,
Donut,2,0.1261999011039734,0.05675505846738815,0.290275514125824,-4.172325134277344e-07,False,False,0.0020072460174560547,0.19933900237083435,0,0,0,0,0,0,0,0,0,0,0,0,0.0,0.0,0.0,0,0,0.0,0.0,1.0234567642211914,1.0922773996988933,-1.1920928955078125e-07,0,0,0,0,0,0,0,0,0,0,0.0,0.0,0.0,0,0,0.0,0.0,2.8222979227701823,0.7954845428466797,-1.7881393432617188e-07,,
Plate_gold_69,2,0.11516173928976059,0.023540202528238297,0.28597575426101685,-0.04573464393615723,False,False,0.0020078420639038086,0.19936122000217438,0,0,0,0,0,0,0,0,0,0,0,0,0.0,0.0,0.0,0,0,0.0,0.0,1.0684921264648437,1.1490028381347657,-2.8371810913085938e-05,0,0,0,0,0,0,0,0,0,0,0.0,0.0,0.0,0,0,0.0,0.0,4.189170837402344,0.8421349207560221,-0.045734405517578125,,
Red_scissor,2,0.13210922479629517,0.0738731250166893,0.28704869747161865,-1.7881393432617188e-07,False,False,0.0020073652267456055,0.19930675625801086,0,0,0,0,0,0,0,0,0,0,0,0,0.0,0.0,0.0,0,0,0.0,0.0,1.0321089426676433,1.0978537241617838,-5.960464477539063e-08,0,0,0,0,0,0,0,0,0,0,0.0,0.0,0.0,0,0,0.0,0.0,2.3664166768391928,0.7902450561523438,-5.960464477539063e-08,,
Mug_gray_d7,2,0.1299465000629425,0.04569995030760765,0.26425138115882874,-0.00301361083984375,False,False,0.0020074844360351562,0.19817526638507843,0,0,0,0,0,0,0,0,0,0,0,0,0.0,0.0,0.0,0,0,0.0,0.0,0.9128943125406901,0.91320374806722,-8.463859558105469e-06,0,0,0,0,0,0,0,0,0,0,0.0,0.0,0.0,0,0,0.0,0.0,3.803885650634766,0.6428679784138998,-0.0030133724212646484,,
Stapler_gray_d9,2,0.12662827968597412,0.05740305781364441,0.287005215883255,-0.0012382864952087402,False,False,0.0020072460174560547,0.1992361843585968,0,0,0,0,0,0,0,0,0,0,0,0,0.0,0.0,0.0,0,0,0.0,0.0,0.9250410079956055,0.9898099899291992,-0.00022464990615844727,0,0,0,0,0,0,0,0,0,0,0.0,0.0,0.0,0,0,0.0,0.0,2.758893585205078,0.7569483439127604,-0.0012378096580505371,,
Blue_teapot,2,0.11791392415761948,0.11850200593471527,0.28774717450141907,-0.061926841735839844,False,False,0.0020072460174560547,0.19913071393966675,0,0,0,0,0,0,0,0,0,0,0,0,0.0,0.0,0.0,0,0,0.0,0.0,1.0985018412272136,1.2192352294921875,-2.86102294921875e-06,0,0,0,0,0,0,0,0,0,0,0.0,0.0,0.0,0,0,0.0,0.0,2.768022664388021,0.8049292882283529,-0.06192660331726074,,
Purse_brown_d58,2,0.11695583164691925,0.07164715975522995,0.287004292011261,-3.5762786865234375e-07,False,False,0.002007603645324707,0.19931986927986145,0,0,0,0,0,0,0,0,0,0,0,0,0.0,0.0,0.0,0,0,0.0,0.0,1.133782196044922,1.1952662150065103,0.0,0,0,0,0,0,0,0,0,0,0,0.0,0.0,0.0,0,0,0.0,0.0,2.139795684814453,0.8158945083618164,0.0,,
Wine_glass2_1_blue,2,0.1374945342540741,0.08170317113399506,0.2865562438964844,-0.0042542219161987305,False,False,0.002007603645324707,0.1993168145418167,0,0,0,0,0,0,0,0,0,0,0,0,0.0,0.0,0.0,0,0,0.0,0.0,1.1331668853759767,1.1875717163085937,-0.000616610050201416,0,0,0,0,0,0,0,0,0,0,0.0,0.0,0.0,0,0,0.0,0.0,2.27738037109375,0.8137340545654297,-0.004254162311553955,,
Mug_8b_red,2,0.11432110518217087,0.017607294023036957,0.2800787091255188,-0.00804370641708374,False,False,0.0020079612731933594,0.19695179164409637,1,0,22,22,0,0,0,0,0,0,0,0,18.08837127685547,0.0,0.0,1,1,0.36666666666666664,0.36666666666666664,0.8349323908487956,0.8887515385945638,-0.00045806169509887695,1,1,0,0,0,0,0,0,0,0,9.985901832580566,0.0,0.0,1,1,0.016666666666666666,0.016666666666666666,3.6358383178710936,0.5184946060180664,-0.007426321506500244,0.008333333333333333,0.008333333333333333
Bear_34,2,0.12285608053207397,0.07815231382846832,0.286626398563385,-0.03105461597442627,False,False,0.002007603645324707,0.19935768842697144,0,0,0,0,0,0,0,0,0,0,0,0,0.0,0.0,0.0,0,0,0.0,0.0,1.1308739980061848,1.2104212443033855,-0.00036448240280151367,0,0,0,0,0,0,0,0,0,0,0.0,0.0,0.0,0,0,0.0,0.0,2.749281311035156,0.8266449610392252,-0.031054437160491943,,
Camera_yellow,2,0.10037174820899963,0.03029594011604786,0.24964694678783417,-5.364418029785156e-07,False,False,0.0020072460174560547,0.19829928874969482,0,0,0,0,0,0,0,0,0,0,0,0,0.0,0.0,0.0,0,0,0.0,0.0,0.8585650126139323,0.8739968617757161,3.9458274841308594e-05,0,0,0,0,0,0,0,0,0,0,0.0,0.0,0.0,0,0,0.0,0.0,3.9107144673665366,0.6740447998046875,-2.384185791015625e-07,,
Hammer_40,2,0.12507294118404388,0.05616084858775139,0.25386038422584534,-0.011694550514221191,False,False,0.002007126808166504,0.20437228679656982,0,0,0,0,0,0,0,0,0,0,0,0,0.0,0.0,0.0,0,0,0.0,0.0,0.885948371887207,0.9299773534138998,-0.0001315474510192871,0,0,0,0,0,0,0,0,0,0,0.0,0.0,0.0,0,0,0.0,0.0,4.272208658854167,0.6923569997151693,-0.011694371700286865,,
Black_mug,2,0.10965434461832047,0.05123427137732506,0.24841073155403137,-1.1920928955078125e-07,False,False,0.002007007598876953,0.2210242748260498,0,0,0,0,0,0,0,0,0,0,0,0,0.0,0.0,0.0,0,0,0.0,0.0,1.001015027364095,0.9846195220947266,1.3172626495361328e-05,0,0,0,0,0,0,0,0,0,0,0.0,0.0,0.0,0,0,0.0,0.0,5.998225402832031,0.8222527186075846,0.0,,
Teapot_brown,2,0.10226663202047348,0.012778987176716328,0.23399010300636292,-0.02043759822845459,False,False,0.002008199691772461,0.227167546749115,0,0,0,0,0,0,0,0,0,0,0,0,0.0,0.0,0.0,0,0,0.0,0.0,0.8535818099975586,0.7970314661661784,-3.910064697265625e-05,0,0,0,0,0,0,0,0,0,0,0.0,0.0,0.0,0,0,0.0,0.0,5.005532836914062,0.7005468368530273,-0.02043747901916504,,
Wine_glass_body_blue,2,0.11245596408843994,0.026898402720689774,0.28301364183425903,-0.04456442594528198,False,False,0.0020084381103515625,0.1991344392299652,0,0,0,0,0,0,0,0,0,0,0,0,0.0,0.0,0.0,0,0,0.0,0.0,1.1274575551350912,1.1064627329508463,-0.0001418590545654297,1,1,0,0,0,0,0,0,0,0,1.2401663064956665,0.0,0.0,1,1,0.016666666666666666,0.016666666666666666,4.208500671386719,0.8370209376017252,-0.03274846076965332,,
Red_chair,2,0.09743818640708923,0.02778635174036026,0.2534291446208954,-2.980232238769531e-07,False,False,0.0020074844360351562,0.19817525148391724,0,0,0,0,0,0,0,0,0,0,0,0,0.0,0.0,0.0,0,0,0.0,0.0,0.8471316019694011,0.8416739145914713,-5.960464477539063e-08,0,0,0,0,0,0,0,0,0,0,0.0,0.0,0.0,0,0,0.0,0.0,3.5042811075846356,0.6175275802612304,-1.1920928955078125e-07,,
Watch_9f,2,0.11277905851602554,0.05501227080821991,0.29115724563598633,-0.03732568025588989,False,False,0.0020073652267456055,0.19886720180511475,0,0,0,0,0,0,0,0,0,0,0,0,0.0,0.0,0.0,0,0,0.0,0.0,0.9171190897623698,1.0119016647338868,-4.4286251068115234e-05,0,0,0,0,0,0,0,0,0,0,0.0,0.0,0.0,0,0,0.0,0.0,4.241131846110026,0.7550120035807292,-0.03732556104660034,,
Pan_gray,2,0.10649718344211578,0.08031399548053741,0.2944148778915405,-0.04948025941848755,False,False,0.0020073652267456055,0.19897398352622986,0,0,0,0,0,0,0,0,0,0,0,0,0.0,0.0,0.0,0,0,0.0,0.0,0.9409742991129557,1.048659578959147,-9.775161743164062e-06,0,0,0,0,0,0,0,0,0,0,0.0,0.0,0.0,0,0,0.0,0.0,3.430199940999349,0.764381217956543,-0.04948008060455322,,
Blue_camera,2,0.12702229619026184,0.06786147505044937,0.2900421917438507,-2.980232238769531e-07,False,False,0.00200808048248291,0.19929297268390656,0,0,0,0,0,0,0,0,0,0,0,0,0.0,0.0,0.0,0,0,0.0,0.0,1.1997285207112631,1.2257452646891276,7.68899917602539e-06,0,0,0,0,0,0,0,0,0,0,0.0,0.0,0.0,0,0,0.0,0.0,2.736834716796875,0.8372191747029623,0.0,,
Vase_red_a1,2,0.130874902009964,0.04537806287407875,0.2945946156978607,-0.0012978315353393555,False,False,0.0020085573196411133,0.20078575611114502,0,0,0,0,0,0,0,0,0,0,0,0,0.0,0.0,0.0,0,0,0.0,0.0,1.23457883199056,1.2125179290771484,8.934736251831055e-05,0,0,0,0,0,0,0,0,0,0,0.0,0.0,0.0,0,0,0.0,0.0,3.3028772989908854,0.8665672302246094,-0.0012976527214050293,,
DrinkBottle_blue_1ef,3,0.12063698470592499,0.045800209045410156,0.27994483709335327,-3.921985626220703e-05,False,False,0.0020072460174560547,0.19908887147903442,0,0,0,0,0,0,0,0,0,0,0,0,0.0,0.0,0.0,0,0,0.0,0.0,0.9318880081176758,0.9166415532430013,0.0008768439292907715,0,0,0,0,0,0,0,0,0,0,0.0,0.0,0.0,0,0,0.0,0.0,3.418005116780599,0.739173952738444,-3.898143768310547e-05,,
Camera_brown,3,0.1206374242901802,0.012855654582381248,0.2870943546295166,-0.0010103583335876465,False,False,0.0020079612731933594,0.19935132563114166,1,0,30,30,0,0,0,0,0,0,0,0,26.4107666015625,0.0,0.0,1,1,0.5,0.5,1.1264292399088542,1.0772076924641927,0.007206141948699951,0,0,0,0,0,0,0,0,0,0,0.0,0.0,0.0,0,0,0.0,0.0,4.585674540201823,0.8398825327555338,-0.0007275938987731934,0.0,0.0
Knife,3,0.12798622250556946,0.016953935846686363,0.26351305842399597,-0.0044100284576416016,False,False,0.0020072460174560547,0.19918592274188995,0,0,0,0,0,0,0,0,0,0,0,0,0.0,0.0,0.0,0,0,0.0,0.0,1.082555389404297,0.9297482172648112,-0.000769495964050293,0,0,0,0,0,0,0,0,0,0,0.0,0.0,0.0,0,0,0.0,0.0,4.612416585286458,0.6251909255981445,-0.0044097900390625,,
Mug_yellow_18,3,0.11474067717790604,0.025911634787917137,0.23959168791770935,-0.00016111135482788086,False,False,0.0020072460174560547,0.20328271389007568,0,0,0,0,0,0,0,0,0,0,0,0,0.0,0.0,0.0,0,0,0.0,0.0,0.8324798583984375,0.8391419728597005,0.00021898746490478516,0,0,0,0,0,0,0,0,0,0,0.0,0.0,0.0,0,0,0.0,0.0,3.681532287597656,0.6914519627888998,-0.00016099214553833008,,
Purse_red_f58,3,0.09789854288101196,0.08084173500537872,0.2936050295829773,-0.06127959489822388,False,False,0.00200808048248291,0.2015170454978943,0,0,0,0,0,0,0,0,0,0,0,0,0.0,0.0,0.0,0,0,0.0,0.0,1.2244102478027343,1.2851505279541016,-0.000272214412689209,0,0,0,0,0,0,0,0,0,0,0.0,0.0,0.0,0,0,0.0,0.0,3.438848622639974,0.8621955871582031,-0.061279475688934326,,
Red_bottle,3,0.10187038034200668,0.013701440766453743,0.29089272022247314,-5.960464477539062e-07,False,False,0.002007007598876953,0.19920507073402405,0,0,21,21,0,0,6,0,0,0,0,0,9.379672050476074,0.0,0.0,2,0,0.35,0.35,0.8800610860188802,0.9570468266805013,0.0012339353561401367,6,6,0,0,0,0,0,0,0,0,0.92148756980896,0.0,0.0,1,1,0.05,0.05,3.2905197143554688,0.7674482345581055,0.001126110553741455,,
WineGlass_gray_9d,3,0.11051932722330093,0.04275873303413391,0.2671385705471039,-0.0009491443634033203,False,False,0.0020074844360351562,0.19817529618740082,0,0,0,0,0,0,0,0,0,0,0,0,0.0,0.0,0.0,0,0,0.0,0.0,0.8953444798787434,0.8992029825846354,-2.7060508728027344e-05,0,0,0,0,0,0,0,0,0,0,0.0,0.0,0.0,0,0,0.0,0.0,2.5889045715332033,0.6614655176798503,-0.0009489655494689941,,
CellPhone_4e,3,0.10057780146598816,0.05220233276486397,0.2482798844575882,-0.05748873949050903,False,False,0.002007126808166504,0.20563054084777832,0,0,0,0,0,0,0,0,0,0,0,0,0.0,0.0,0.0,0,0,0.0,0.0,0.896211306254069,0.9282306035359701,-0.0004145503044128418,0,0,0,0,0,0,0,0,0,0,0.0,0.0,0.0,0,0,0.0,0.0,4.410298156738281,0.7292048772176106,-0.05748867988586426,,
Teapot_blue_high_3d2,3,0.11693428456783295,0.11010035127401352,0.29500362277030945,-0.053463757038116455,False,False,0.0020073652267456055,0.19931796193122864,0,0,0,0,0,0,0,0,0,0,0,0,0.0,0.0,0.0,0,0,0.0,0.0,1.0151961008707682,1.2974554697672527,-0.0004528164863586426,0,0,0,0,0,0,0,0,0,0,0.0,0.0,0.0,0,0,0.0,0.0,2.1477643330891927,0.8112030665079752,-0.053463637828826904,,
Gun,3,0.11049500852823257,0.041153647005558014,0.30626484751701355,-0.0013580322265625,False,False,0.002007126808166504,0.21731460094451904,0,0,0,0,0,0,0,0,0,0,0,0,0.0,0.0,0.0,0,0,0.0,0.0,1.1194018046061198,0.9299418131510416,-0.0008983016014099121,0,0,0,0,0,0,0,0,0,0,0.0,0.0,0.0,0,0,0.0,0.0,5.029339599609375,0.873115348815918,-0.0013577938079833984,,
Donut,3,0.11384306848049164,0.05157535895705223,0.24364924430847168,-2.384185791015625e-07,False,False,0.0020072460174560547,0.2078772783279419,0,0,0,0,0,0,0,0,0,0,0,0,0.0,0.0,0.0,0,0,0.0,0.0,0.8481353759765625,0.8731486638387044,1.5020370483398438e-05,0,0,0,0,0,0,0,0,0,0,0.0,0.0,0.0,0,0,0.0,0.0,4.4449106852213545,0.7050881067911784,-1.1920928955078125e-07,,
Plate_gold_69,3,0.11009767651557922,0.10857189446687698,0.2903677225112915,-0.04573488235473633,False,False,0.002007007598876953,0.19914960861206055,0,0,0,0,0,0,0,0,0,0,0,0,0.0,0.0,0.0,0,0,0.0,0.0,0.9576051076253255,1.0993022918701172,-2.8371810913085938e-05,0,0,0,0,0,0,0,0,0,0,0.0,0.0,0.0,0,0,0.0,0.0,2.5117279052734376,0.759780756632487,-0.04573458433151245,,
Red_scissor,3,0.12701170146465302,0.04012613743543625,0.2882460057735443,-1.7881393432617188e-07,False,False,0.0020072460174560547,0.19922511279582977,0,0,0,0,0,0,0,0,0,0,0,0,0.0,0.0,0.0,0,0,0.0,0.0,0.9063081741333008,0.9057348887125651,-5.960464477539063e-08,0,0,0,0,0,0,0,0,0,0,0.0,0.0,0.0,0,0,0.0,0.0,6.393031819661458,0.7223670323689778,-5.960464477539063e-08,,
Mug_gray_d7,3,0.12755630910396576,0.02010575868189335,0.26243287324905396,-0.0030134916305541992,False,False,0.0020072460174560547,0.19867540895938873,0,0,0,0,0,0,0,0,0,0,0,0,0.0,0.0,0.0,0,0,0.0,0.0,0.8587867101033528,0.8506645838419596,-8.225440979003906e-06,0,0,0,0,0,0,0,0,0,0,0.0,0.0,0.0,0,0,0.0,0.0,3.117938741048177,0.6002452850341797,-0.003013312816619873,,
Stapler_gray_d9,3,0.11073189228773117,0.03502197563648224,0.23723304271697998,-0.0012383460998535156,False,False,0.0020073652267456055,0.20382976531982422,0,0,0,0,0,0,0,0,0,0,0,0,0.0,0.0,0.0,0,0,0.0,0.0,0.846699333190918,0.806521987915039,-6.735324859619141e-06,0,0,0,0,0,0,0,0,0,0,0.0,0.0,0.0,0,0,0.0,0.0,3.7334330240885416,0.6875610987345377,-0.0012379288673400879,,
Blue_teapot,3,0.07755172997713089,0.12204167246818542,0.2911577820777893,-0.06192690134048462,False,False,0.0020068883895874023,0.19914090633392334,0,0,0,0,0,0,0,0,0,0,0,0,0.0,0.0,0.0,0,0,0.0,0.0,1.0261364618937174,1.24632937113444,-2.8014183044433594e-06,0,0,0,0,0,0,0,0,0,0,0.0,0.0,0.0,0,0,0.0,0.0,3.227698008219401,0.7605692545572916,-0.06192660331726074,,
Purse_brown_d58,3,0.12797418236732483,0.022107526659965515,0.2403929978609085,-2.384185791015625e-07,False,False,0.002007126808166504,0.19915544986724854,0,0,0,0,0,0,0,0,0,0,0,0,0.0,0.0,0.0,0,0,0.0,0.0,0.8619818369547526,0.8059100468953451,6.961822509765625e-05,0,0,0,0,0,0,0,0,0,0,0.0,0.0,0.0,0,0,0.0,0.0,3.5643155415852865,0.6789167404174805,-1.1920928955078125e-07,,
Wine_glass2_1_blue,3,0.12255863100290298,0.06814668327569962,0.2837921977043152,-0.004309713840484619,False,False,0.0020073652267456055,0.199273020029068,0,0,0,0,0,0,0,0,0,0,0,0,0.0,0.0,0.0,0,0,0.0,0.0,1.0903563181559244,1.155570348103841,-0.0006167292594909668,0,0,0,0,0,0,0,0,0,0,0.0,0.0,0.0,0,0,0.0,0.0,1.9980655670166017,0.775588862101237,-0.0032576322555541992,,
Mug_8b_red,3,0.12675616145133972,0.07556437700986862,0.28908786177635193,-0.00804370641708374,False,False,0.0020072460174560547,0.19928492605686188,0,0,0,0,0,0,0,0,0,0,0,0,0.0,0.0,0.0,0,0,0.0,0.0,0.9864814122517903,1.1169190724690756,-0.0004578232765197754,0,0,0,0,0,0,0,0,0,0,0.0,0.0,0.0,0,0,0.0,0.0,2.161181640625,0.774175516764323,-0.00804358720779419,,
Bear_34,3,0.11119402945041656,0.07609105110168457,0.2655230164527893,-0.031054556369781494,False,False,0.0020074844360351562,0.19817525148391724,0,0,0,0,0,0,0,0,0,0,0,0,0.0,0.0,0.0,0,0,0.0,0.0,0.9540561676025391,0.9857282638549805,-0.0003643631935119629,0,0,0,0,0,0,0,0,0,0,0.0,0.0,0.0,0,0,0.0,0.0,3.7942476908365887,0.671836789449056,-0.031054437160491943,,
Camera_yellow,3,0.097182497382164,0.03258834034204483,0.28992748260498047,-5.960464477539062e-07,False,False,0.0020072460174560547,0.19916853308677673,0,0,0,0,0,0,0,0,0,0,0,0,0.0,0.0,0.0,0,0,0.0,0.0,0.914822514851888,1.029701296488444,0.00010401010513305664,0,0,0,0,0,0,0,0,0,0,0.0,0.0,0.0,0,0,0.0,0.0,2.525458017985026,0.7581939061482748,-3.5762786865234375e-07,,
Hammer_40,3,0.11046461015939713,0.058549996465444565,0.2523648142814636,-0.011694669723510742,False,False,0.002007126808166504,0.211228609085083,0,0,0,0,0,0,0,0,0,0,0,0,0.0,0.0,0.0,0,0,0.0,0.0,0.8995961507161458,0.9600729624430339,-0.00013142824172973633,0,0,0,0,0,0,0,0,0,0,0.0,0.0,0.0,0,0,0.0,0.0,4.969264729817708,0.7311761220296223,-0.011694371700286865,,
Black_mug,3,0.11308851093053818,0.013026484288275242,0.288297176361084,-5.960464477539063e-08,False,False,0.0020072460174560547,0.19930076599121094,0,0,0,0,0,0,0,0,0,0,0,0,0.0,0.0,0.0,0,0,0.0,0.0,0.9706177393595378,1.0152461369832357,2.1278858184814453e-05,0,0,0,0,0,0,0,0,0,0,0.0,0.0,0.0,0,0,0.0,0.0,3.601788075764974,0.7823924382527669,-5.960464477539063e-08,,
Teapot_brown,3,0.12974393367767334,0.08968698978424072,0.24343308806419373,-0.02234065532684326,False,False,0.0020116567611694336,0.2835829257965088,0,0,0,0,0,0,0,0,0,0,0,0,0.0,0.0,0.0,0,0,0.0,0.0,1.0839097340901693,1.208702596028646,-3.886222839355469e-05,2,2,0,0,0,0,0,0,0,0,30.059547424316406,0.0,0.0,1,1,0.03333333333333333,0.03333333333333333,19.497792561848957,0.8551253000895183,-0.019995808601379395,,
Wine_glass_body_blue,3,0.11766651272773743,0.017868036404252052,0.2703295350074768,-0.044088125228881836,False,False,0.0020079612731933594,0.2225593626499176,0,0,0,0,0,0,0,0,0,0,0,0,0.0,0.0,0.0,0,0,0.0,0.0,1.0107837041219077,1.0469838460286458,-0.00014162063598632812,0,0,0,0,0,0,0,0,0,0,0.0,0.0,0.0,0,0,0.0,0.0,3.802110290527344,0.8098291397094727,-0.015278935432434082,,
Red_chair,3,0.08821747452020645,0.03503973409533501,0.24326349794864655,-1.7881393432617188e-07,False,False,0.0020072460174560547,0.2014826536178589,0,0,0,0,0,0,0,0,0,0,0,0,0.0,0.0,0.0,0,0,0.0,0.0,0.8272993087768554,0.8391153971354167,-5.960464477539063e-08,0,0,0,0,0,0,0,0,0,0,0.0,0.0,0.0,0,0,0.0,0.0,3.8556732177734374,0.6705862045288086,-1.1920928955078125e-07,,
Watch_9f,3,0.10766039788722992,0.05093299224972725,0.252408891916275,-0.037325918674468994,False,False,0.002007126808166504,0.1984829306602478,0,0,0,0,0,0,0,0,0,0,0,0,0.0,0.0,0.0,0,0,0.0,0.0,0.8754737854003907,0.86293519337972,-4.4286251068115234e-05,0,0,0,0,0,0,0,0,0,0,0.0,0.0,0.0,0,0,0.0,0.0,3.102747344970703,0.6119225819905599,-0.03732585906982422,,
Pan_gray,3,0.12119212001562119,0.08847802132368088,0.2512364387512207,-0.04948019981384277,False,False,0.002007007598876953,0.21396780014038086,0,0,0,0,0,0,0,0,0,0,0,0,0.0,0.0,0.0,0,0,0.0,0.0,1.0200454711914062,1.070571517944336,-9.775161743164062e-06,0,0,0,0,0,0,0,0,0,0,0.0,0.0,0.0,0,0,0.0,0.0,5.49490966796875,0.8246437072753906,-0.04948002099990845,,
Blue_camera,3,0.11928709596395493,0.049393922090530396,0.28853335976600647,-2.384185791015625e-07,False,False,0.0020072460174560547,0.19914747774600983,0,0,0,0,0,0,0,0,0,0,0,0,0.0,0.0,0.0,0,0,0.0,0.0,0.9290353139241536,1.047256851196289,-5.960464477539063e-08,0,0,0,0,0,0,0,0,0,0,0.0,0.0,0.0,0,0,0.0,0.0,2.2757837931315104,0.7482584635416667,0.0,,
Vase_red_a1,3,0.12047488242387772,0.03859179839491844,0.2563374936580658,-0.001437366008758545,False,False,0.0020122528076171875,0.18184787034988403,0,0,0,0,0,0,0,0,0,0,0,0,0.0,0.0,0.0,0,0,0.0,0.0,1.0434885025024414,1.1658704121907553,8.64863395690918e-05,0,0,0,0,0,0,0,0,0,0,0.0,0.0,0.0,0,0,0.0,0.0,20.69759521484375,0.8427888870239257,-0.0010359883308410645,,
