candidate,iteration,raw_action_mean_abs,raw_action_max_abs,raw_action_p95_abs,raw_action_p99_abs,raw_action_fraction_gt1,raw_action_fraction_gt2,wrapper_action_mean_abs,wrapper_action_max_abs,wrapper_action_p95_abs,wrapper_action_p99_abs,wrapper_action_fraction_gt1,wrapper_action_fraction_gt2,processed_relative_delta_mean_abs,processed_relative_delta_max_abs,final_clamped_target_mean_abs,final_clamped_target_max_abs,target_clipping_fraction,target_outside_fraction
action-clipping/clip1,1000,1.1954626274108886,127.18981170654297,2.223344645500183,2.7037949419021605,0.6281289827823638,0.09342050999403,0.8325592231750488,1.0,1.0,1.0,0.0,0.0,0.002498954946344549,0.0037499999161809683,0.626965731534091,3.1415927410125732,0.04812432445179332,0.0
action-clipping/clip1,500,1.0975780630111693,140.54576110839844,2.3111715602874754,2.862589750289917,0.5241254818439484,0.10629362925887108,0.7675896453857421,1.0,1.0,1.0,0.0,0.0,0.002079705845225941,0.0037499999161809683,0.6118948863636363,3.1415927410125732,0.024270524458451705,0.0
action-clipping/none,1000,1.3616176748275757,248.00344848632812,3.477612705230713,4.623081483840942,0.5456030857563019,0.24027797996997832,1.3616176748275757,248.00344848632812,3.477612705230713,4.623081483840942,0.5456030857563019,0.24027797996997832,0.0037482112537730824,0.9300128817558289,0.6206109730113636,3.1415927410125732,0.06293495386297053,0.0
action-clipping/none,500,1.155689914226532,126.75995635986328,2.816063895225525,3.736215772628784,0.4918529987335205,0.16429733753204345,1.155689914226532,126.75995635986328,2.816063895225525,3.736215772628784,0.4918529987335205,0.16429733753204345,0.003287276181307706,0.4753498136997223,0.6157409889914772,3.1415927410125732,0.0727124384099787,0.0
lambda/095,1000,1.6703267407417297,82.81282806396484,4.620692024230957,6.232710046768188,0.5993075287342071,0.30998491585254667,1.6703267407417297,82.81282806396484,4.620692024230957,6.232710046768188,0.5993075287342071,0.30998491585254667,0.005521562402898615,0.25307387113571167,0.7196291725852273,3.1415927410125732,0.18168935324928978,0.0
lambda/095,500,1.6217388105392456,22.786624908447266,3.6677481031417845,4.636697521209717,0.6492858242988586,0.3409230846166611,1.6217388105392456,22.786624908447266,3.6677481031417845,4.636697521209717,0.6492858242988586,0.3409230846166611,0.0034917647621848366,0.0645127221941948,0.6078386008522727,3.1415927410125732,0.10128506192294034,0.0
lambda/time-equivalent,1000,2.772607569694519,76.0407943725586,5.971664905548096,7.3675415897369385,0.796669819355011,0.6222431123256683,2.772607569694519,76.0407943725586,5.971664905548096,7.3675415897369385,0.796669819355011,0.6222431123256683,0.0068679337935014205,0.1735873520374298,0.8017984730113636,3.1415927410125732,0.15705580277876421,0.0
lambda/time-equivalent,500,1.6912473511695862,14.256095886230469,4.145048484802246,5.365002145767212,0.635198130607605,0.3485797894001007,1.6912473511695862,14.256095886230469,4.145048484802246,5.365002145767212,0.635198130607605,0.3485797894001007,0.0038094062805175783,0.05346035957336426,0.6254563654119318,3.1415927410125732,0.07904755748401988,0.0
learning-rate/adaptive,1000,1.3616176748275757,248.00344848632812,3.477612705230713,4.623081483840942,0.5456030857563019,0.24027797996997832,1.3616176748275757,248.00344848632812,3.477612705230713,4.623081483840942,0.5456030857563019,0.24027797996997832,0.0037482112537730824,0.9300128817558289,0.6206109730113636,3.1415927410125732,0.06293495386297053,0.0
learning-rate/adaptive,500,1.155689914226532,126.75995635986328,2.816063895225525,3.736215772628784,0.4918529987335205,0.16429733753204345,1.155689914226532,126.75995635986328,2.816063895225525,3.736215772628784,0.4918529987335205,0.16429733753204345,0.003287276181307706,0.4753498136997223,0.6157409889914772,3.1415927410125732,0.0727124384099787,0.0
learning-rate/fixed,1000,1.6703267407417297,82.81282806396484,4.620692024230957,6.232710046768188,0.5993075287342071,0.30998491585254667,1.6703267407417297,82.81282806396484,4.620692024230957,6.232710046768188,0.5993075287342071,0.30998491585254667,0.005521562402898615,0.25307387113571167,0.7196291725852273,3.1415927410125732,0.18168935324928978,0.0
learning-rate/fixed,500,1.6217388105392456,22.786624908447266,3.6677481031417845,4.636697521209717,0.6492858242988586,0.3409230846166611,1.6217388105392456,22.786624908447266,3.6677481031417845,4.636697521209717,0.6492858242988586,0.3409230846166611,0.0034917647621848366,0.0645127221941948,0.6078386008522727,3.1415927410125732,0.10128506192294034,0.0
min-std/min020,1000,2.772607569694519,76.0407943725586,5.971664905548096,7.3675415897369385,0.796669819355011,0.6222431123256683,2.772607569694519,76.0407943725586,5.971664905548096,7.3675415897369385,0.796669819355011,0.6222431123256683,0.0068679337935014205,0.1735873520374298,0.8017984730113636,3.1415927410125732,0.15705580277876421,0.0
min-std/min020,500,1.6912473511695862,14.256095886230469,4.145048484802246,5.365002145767212,0.635198130607605,0.3485797894001007,1.6912473511695862,14.256095886230469,4.145048484802246,5.365002145767212,0.635198130607605,0.3485797894001007,0.0038094062805175783,0.05346035957336426,0.6254563654119318,3.1415927410125732,0.07904755748401988,0.0
min-std/none,1000,2.772607569694519,76.0407943725586,5.971664905548096,7.3675415897369385,0.796669819355011,0.6222431123256683,2.772607569694519,76.0407943725586,5.971664905548096,7.3675415897369385,0.796669819355011,0.6222431123256683,0.0068679337935014205,0.1735873520374298,0.8017984730113636,3.1415927410125732,0.15705580277876421,0.0
min-std/none,500,1.6912473511695862,14.256095886230469,4.145048484802246,5.365002145767212,0.635198130607605,0.3485797894001007,1.6912473511695862,14.256095886230469,4.145048484802246,5.365002145767212,0.635198130607605,0.3485797894001007,0.0038094062805175783,0.05346035957336426,0.6254563654119318,3.1415927410125732,0.07904755748401988,0.0
selected-config,100,0.8055951166152954,6.588441848754883,1.9793604612350464,2.602025237083435,0.3219184285402298,0.047663409113883975,0.8055951166152954,6.588441848754883,1.9793604612350464,2.602025237083435,0.3219184285402298,0.047663409113883975,0.002466198964552446,0.024706656113266945,0.6194668856534091,3.1415927410125732,0.0160226093639027,0.0
selected-config,1000,2.772607569694519,76.0407943725586,5.971664905548096,7.3675415897369385,0.796669819355011,0.6222431123256683,2.772607569694519,76.0407943725586,5.971664905548096,7.3675415897369385,0.796669819355011,0.6222431123256683,0.0068679337935014205,0.1735873520374298,0.8017984730113636,3.1415927410125732,0.15705580277876421,0.0
selected-config,2000,4.080533542633057,83.71998596191406,9.28622615814209,10.82489236831665,0.8204826045036316,0.7110959339141846,4.080533542633057,83.71998596191406,9.28622615814209,10.82489236831665,0.8204826045036316,0.7110959339141846,0.010748510880903764,0.28533706068992615,0.9410484730113636,3.1415927410125732,0.26577724838256833,0.0
selected-config,500,1.6912473511695862,14.256095886230469,4.145048484802246,5.365002145767212,0.635198130607605,0.3485797894001007,1.6912473511695862,14.256095886230469,4.145048484802246,5.365002145767212,0.635198130607605,0.3485797894001007,0.0038094062805175783,0.05346035957336426,0.6254563654119318,3.1415927410125732,0.07904755748401988,0.0
