candidate,run_path,checkpoint,iteration,total_env_transitions,finite,object_joint_min,object_joint_max,ur5_qvel_peak,allegro_qvel_peak,contact_force_peak,target_outside_fraction,target_clipping_fraction,final_clamped_target_mean_abs,final_clamped_target_max_abs,processed_relative_delta_mean_abs,processed_relative_delta_max_abs,cuda_peak_allocated_mib,vram_peak_mib,from_scratch,wall_time_s,status,checkpoint_finite,tensorboard_finite,mean_reward,reward_last50,value_loss_peak,value_loss,surrogate_loss,entropy,KL,learning_rate,policy_std,std_min,std_median,std_max,fps_mean,vram_last50_mean,measured_iteration_start,measured_iteration_end,measured_updates,reused_from
action-clipping/clip1,/home/windsky/project/Grasp1/logs/rsl_rl/grasp1_ur5_allegro_teacher/2026-10-06_15-29-27_teacher_stability_action-clipping_clip1_stage1000,/home/windsky/project/Grasp1/logs/rsl_rl/grasp1_ur5_allegro_teacher/2026-10-06_15-29-27_teacher_stability_action-clipping_clip1_stage1000/model_999.pt,1000,65536000,True,-1.5903835446806625e-05,0.001023683580569923,19.41549301147461,217.76565551757812,76898.0546875,0.0,0.04812432445179332,0.626965731534091,3.1415927410125732,0.002498954946344549,0.0037499999161809683,1148.00439453125,5989.125,False,1780.6383818899994,completed,True,True,-19.92176075935364,-20.14107513666153,338.84929752349854,79.69109106063843,0.000658533870591782,8.039391696453094,0.0066096046939492226,0.0002562890625000001,0.3877267837524414,0.07828401774168015,0.39484208822250366,0.6781306862831116,18481.089004807847,5989.125,501,1000,500,
action-clipping/clip1,/home/windsky/project/Grasp1/logs/rsl_rl/grasp1_ur5_allegro_teacher/2026-10-06_13-57-59_teacher_stability_action-clipping_clip1_stage500,/home/windsky/project/Grasp1/logs/rsl_rl/grasp1_ur5_allegro_teacher/2026-10-06_13-57-59_teacher_stability_action-clipping_clip1_stage500/model_499.pt,500,32768000,True,-2.584496724011842e-05,0.0010306679178029299,19.462799072265625,69.41032409667969,76895.0078125,0.0,0.024270524458451705,0.6118948863636363,3.1415927410125732,0.002079705845225941,0.0037499999161809683,1148.00439453125,5989.125,True,1875.380013686001,completed,True,True,-19.143135995864867,-19.043112022781372,205.21984553337097,13.580406367778778,-0.0002548656993894838,18.47634518146515,0.010448524728417397,0.004444444444444445,0.5926822423934937,0.1855950504541397,0.5843865275382996,0.8716981410980225,17562.685509878243,5989.125,1,500,500,
action-clipping/none,/home/windsky/project/Grasp1/logs/rsl_rl/grasp1_ur5_allegro_teacher/2026-10-06_14-53-48_teacher_stability_action-clipping_none_stage1000,/home/windsky/project/Grasp1/logs/rsl_rl/grasp1_ur5_allegro_teacher/2026-10-06_14-53-48_teacher_stability_action-clipping_none_stage1000/model_999.pt,1000,65536000,True,-2.317947473784443e-05,0.0010112404124811292,14.658769607543945,151.6611785888672,76885.6171875,0.0,0.06293495386297053,0.6206109730113636,3.1415927410125732,0.0037482112537730824,0.9300128817558289,1148.00439453125,5989.125,False,1788.8804903830023,completed,True,True,-19.071055943965913,-18.099590110222252,514.3917179107666,1.7338507995009422,0.0038727417195332237,17.80276346206665,0.016631949692964554,0.00017085937500000009,0.5894874334335327,0.10786493122577667,0.6328167915344238,0.8554534316062927,18394.233395218667,5989.125,501,1000,500,
action-clipping/none,/home/windsky/project/Grasp1/logs/rsl_rl/grasp1_ur5_allegro_teacher/2026-10-06_13-21-52_teacher_stability_action-clipping_none_stage500,/home/windsky/project/Grasp1/logs/rsl_rl/grasp1_ur5_allegro_teacher/2026-10-06_13-21-52_teacher_stability_action-clipping_none_stage500/model_499.pt,500,32768000,True,-3.478839062154293e-05,0.0010164286941289902,23.430469512939453,55.8812370300293,76895.234375,0.0,0.0727124384099787,0.6157409889914772,3.1415927410125732,0.003287276181307706,0.4753498136997223,1148.00439453125,5989.125,True,1809.0541674049964,completed,True,True,-14.77864101409912,-14.87427370584011,194.68451118469238,1.497890442609787,0.0030501030560117215,23.981183171272278,0.014068450778722763,0.0008779149519890258,0.7375094890594482,0.34838879108428955,0.7361650466918945,0.9037525653839111,18228.04568186278,5989.125,1,500,500,
lambda/095,/home/windsky/project/Grasp1/logs/rsl_rl/grasp1_ur5_allegro_teacher/2026-10-06_16-45-37_teacher_stability_learning-rate_fixed_stage1000,/home/windsky/project/Grasp1/logs/rsl_rl/grasp1_ur5_allegro_teacher/2026-10-06_16-45-37_teacher_stability_learning-rate_fixed_stage1000/model_999.pt,1000,65536000,True,-2.176497036998626e-05,0.0010306162294000387,18.11353302001953,214.40487670898438,80320.546875,0.0,0.18168935324928978,0.7196291725852273,3.1415927410125732,0.005521562402898615,0.25307387113571167,1148.00439453125,5989.125,False,1839.2690951610057,completed,True,True,-20.33406301498413,-18.868205663512647,123.79869604110718,1.5142782032489777,-0.0022976934305916075,24.856420755386353,0.00463517103344202,0.0005,0.7793962359428406,0.26112714409828186,0.8124984502792358,1.0015537738800049,17892.234212092633,5989.125,501,1000,500,/home/windsky/project/Grasp1/logs/acceptance/2026-10-06/teacher-ppo-stability/learning-rate/fixed/stage1000
lambda/095,/home/windsky/project/Grasp1/logs/rsl_rl/grasp1_ur5_allegro_teacher/2026-10-06_16-07-53_teacher_stability_learning-rate_fixed_stage500,/home/windsky/project/Grasp1/logs/rsl_rl/grasp1_ur5_allegro_teacher/2026-10-06_16-07-53_teacher_stability_learning-rate_fixed_stage500/model_499.pt,500,32768000,True,-2.306622263859026e-05,0.0010366674978286028,17.283100128173828,318.9689025878906,76895.1640625,0.0,0.10128506192294034,0.6078386008522727,3.1415927410125732,0.0034917647621848366,0.0645127221941948,1148.00439453125,5989.125,True,1907.5514610910031,completed,True,True,-15.97556755065918,-17.12400343897343,56.64067208766937,0.4174291379749775,0.0012936837156303227,27.24928879737854,0.014133358374238014,0.0005,0.8534829616546631,0.33744922280311584,0.8876904845237732,1.034419298171997,17254.981170992854,5989.125,1,500,500,/home/windsky/project/Grasp1/logs/acceptance/2026-10-06/teacher-ppo-stability/learning-rate/fixed/stage500
lambda/time-equivalent,/home/windsky/project/Grasp1/logs/rsl_rl/grasp1_ur5_allegro_teacher/2026-10-06_18-01-15_teacher_stability_lambda_time-equivalent_stage1000,/home/windsky/project/Grasp1/logs/rsl_rl/grasp1_ur5_allegro_teacher/2026-10-06_18-01-15_teacher_stability_lambda_time-equivalent_stage1000/model_999.pt,1000,65536000,True,-1.9940036509069614e-05,0.0010153665207326412,22.302494049072266,36.88542938232422,76886.3359375,0.0,0.15705580277876421,0.8017984730113636,3.1415927410125732,0.0068679337935014205,0.1735873520374298,1148.00439453125,5989.125,False,1787.6706512100063,completed,True,True,-14.440556344985962,-14.9353577317819,660.216552734375,4.0488829761743546,-0.0018855148227885365,24.647289633750916,0.003798861987888813,0.0005,0.769615888595581,0.3197285234928131,0.8083394765853882,1.0349462032318115,18407.992745834745,5989.125,501,1000,500,
lambda/time-equivalent,/home/windsky/project/Grasp1/logs/rsl_rl/grasp1_ur5_allegro_teacher/2026-10-06_17-23-44_teacher_stability_lambda_time-equivalent_stage500,/home/windsky/project/Grasp1/logs/rsl_rl/grasp1_ur5_allegro_teacher/2026-10-06_17-23-44_teacher_stability_lambda_time-equivalent_stage500/model_499.pt,500,32768000,True,-2.3473376131732948e-05,0.0010174224153161049,17.990713119506836,273.1656494140625,76894.7734375,0.0,0.07904755748401988,0.6254563654119318,3.1415927410125732,0.0038094062805175783,0.05346035957336426,1148.00439453125,5989.125,True,1894.728445773988,completed,True,True,-13.46163893222809,-14.215058766546846,1025.6344833374023,0.761418629437685,-0.0018757592333713546,27.390156269073486,0.0056525906547904015,0.0005,0.848602831363678,0.5604082345962524,0.875345766544342,0.9766019582748413,17369.100442763793,5989.125,1,500,500,
learning-rate/adaptive,/home/windsky/project/Grasp1/logs/rsl_rl/grasp1_ur5_allegro_teacher/2026-10-06_14-53-48_teacher_stability_action-clipping_none_stage1000,/home/windsky/project/Grasp1/logs/rsl_rl/grasp1_ur5_allegro_teacher/2026-10-06_14-53-48_teacher_stability_action-clipping_none_stage1000/model_999.pt,1000,65536000,True,-2.317947473784443e-05,0.0010112404124811292,14.658769607543945,151.6611785888672,76885.6171875,0.0,0.06293495386297053,0.6206109730113636,3.1415927410125732,0.0037482112537730824,0.9300128817558289,1148.00439453125,5989.125,False,1788.8804903830023,completed,True,True,-19.071055943965913,-18.099590110222252,514.3917179107666,1.7338507995009422,0.0038727417195332237,17.80276346206665,0.016631949692964554,0.00017085937500000009,0.5894874334335327,0.10786493122577667,0.6328167915344238,0.8554534316062927,18394.233395218667,5989.125,501,1000,500,/home/windsky/project/Grasp1/logs/acceptance/2026-10-06/teacher-ppo-stability/action-clipping/none/stage1000
learning-rate/adaptive,/home/windsky/project/Grasp1/logs/rsl_rl/grasp1_ur5_allegro_teacher/2026-10-06_13-21-52_teacher_stability_action-clipping_none_stage500,/home/windsky/project/Grasp1/logs/rsl_rl/grasp1_ur5_allegro_teacher/2026-10-06_13-21-52_teacher_stability_action-clipping_none_stage500/model_499.pt,500,32768000,True,-3.478839062154293e-05,0.0010164286941289902,23.430469512939453,55.8812370300293,76895.234375,0.0,0.0727124384099787,0.6157409889914772,3.1415927410125732,0.003287276181307706,0.4753498136997223,1148.00439453125,5989.125,True,1809.0541674049964,completed,True,True,-14.77864101409912,-14.87427370584011,194.68451118469238,1.497890442609787,0.0030501030560117215,23.981183171272278,0.014068450778722763,0.0008779149519890258,0.7375094890594482,0.34838879108428955,0.7361650466918945,0.9037525653839111,18228.04568186278,5989.125,1,500,500,/home/windsky/project/Grasp1/logs/acceptance/2026-10-06/teacher-ppo-stability/action-clipping/none/stage500
learning-rate/fixed,/home/windsky/project/Grasp1/logs/rsl_rl/grasp1_ur5_allegro_teacher/2026-10-06_16-45-37_teacher_stability_learning-rate_fixed_stage1000,/home/windsky/project/Grasp1/logs/rsl_rl/grasp1_ur5_allegro_teacher/2026-10-06_16-45-37_teacher_stability_learning-rate_fixed_stage1000/model_999.pt,1000,65536000,True,-2.176497036998626e-05,0.0010306162294000387,18.11353302001953,214.40487670898438,80320.546875,0.0,0.18168935324928978,0.7196291725852273,3.1415927410125732,0.005521562402898615,0.25307387113571167,1148.00439453125,5989.125,False,1839.2690951610057,completed,True,True,-20.33406301498413,-18.868205663512647,123.79869604110718,1.5142782032489777,-0.0022976934305916075,24.856420755386353,0.00463517103344202,0.0005,0.7793962359428406,0.26112714409828186,0.8124984502792358,1.0015537738800049,17892.234212092633,5989.125,501,1000,500,
learning-rate/fixed,/home/windsky/project/Grasp1/logs/rsl_rl/grasp1_ur5_allegro_teacher/2026-10-06_16-07-53_teacher_stability_learning-rate_fixed_stage500,/home/windsky/project/Grasp1/logs/rsl_rl/grasp1_ur5_allegro_teacher/2026-10-06_16-07-53_teacher_stability_learning-rate_fixed_stage500/model_499.pt,500,32768000,True,-2.306622263859026e-05,0.0010366674978286028,17.283100128173828,318.9689025878906,76895.1640625,0.0,0.10128506192294034,0.6078386008522727,3.1415927410125732,0.0034917647621848366,0.0645127221941948,1148.00439453125,5989.125,True,1907.5514610910031,completed,True,True,-15.97556755065918,-17.12400343897343,56.64067208766937,0.4174291379749775,0.0012936837156303227,27.24928879737854,0.014133358374238014,0.0005,0.8534829616546631,0.33744922280311584,0.8876904845237732,1.034419298171997,17254.981170992854,5989.125,1,500,500,
min-std/min020,/home/windsky/project/Grasp1/logs/rsl_rl/grasp1_ur5_allegro_teacher/2026-10-06_19-18-07_teacher_stability_min-std_min020_stage1000,/home/windsky/project/Grasp1/logs/rsl_rl/grasp1_ur5_allegro_teacher/2026-10-06_19-18-07_teacher_stability_min-std_min020_stage1000/model_999.pt,1000,65536000,True,-1.9940036509069614e-05,0.0010153665207326412,22.302494049072266,36.88542938232422,76886.3359375,0.0,0.15705580277876421,0.8017984730113636,3.1415927410125732,0.0068679337935014205,0.1735873520374298,1148.00439453125,5989.125,False,1779.4797138360009,completed,True,True,-14.440556344985962,-14.9353577317819,660.216552734375,4.0488829761743546,-0.0018855148227885365,24.647289633750916,0.003798861987888813,0.0005,0.769615888595581,0.3197285234928131,0.8083394765853882,1.0349462032318115,18490.190249414067,5989.125,501,1000,500,
min-std/min020,/home/windsky/project/Grasp1/logs/rsl_rl/grasp1_ur5_allegro_teacher/2026-10-06_18-40-47_teacher_stability_min-std_min020_stage500,/home/windsky/project/Grasp1/logs/rsl_rl/grasp1_ur5_allegro_teacher/2026-10-06_18-40-47_teacher_stability_min-std_min020_stage500/model_499.pt,500,32768000,True,-2.3473376131732948e-05,0.0010174224153161049,17.990713119506836,273.1656494140625,76894.7734375,0.0,0.07904755748401988,0.6254563654119318,3.1415927410125732,0.0038094062805175783,0.05346035957336426,1148.00439453125,5989.125,True,1883.7866608869954,completed,True,True,-13.46163893222809,-14.215058766546846,1025.6344833374023,0.761418629437685,-0.0018757592333713546,27.390156269073486,0.0056525906547904015,0.0005,0.848602831363678,0.5604082345962524,0.875345766544342,0.9766019582748413,17471.14706756041,5989.125,1,500,500,
min-std/none,/home/windsky/project/Grasp1/logs/rsl_rl/grasp1_ur5_allegro_teacher/2026-10-06_18-01-15_teacher_stability_lambda_time-equivalent_stage1000,/home/windsky/project/Grasp1/logs/rsl_rl/grasp1_ur5_allegro_teacher/2026-10-06_18-01-15_teacher_stability_lambda_time-equivalent_stage1000/model_999.pt,1000,65536000,True,-1.9940036509069614e-05,0.0010153665207326412,22.302494049072266,36.88542938232422,76886.3359375,0.0,0.15705580277876421,0.8017984730113636,3.1415927410125732,0.0068679337935014205,0.1735873520374298,1148.00439453125,5989.125,False,1787.6706512100063,completed,True,True,-14.440556344985962,-14.9353577317819,660.216552734375,4.0488829761743546,-0.0018855148227885365,24.647289633750916,0.003798861987888813,0.0005,0.769615888595581,0.3197285234928131,0.8083394765853882,1.0349462032318115,18407.992745834745,5989.125,501,1000,500,/home/windsky/project/Grasp1/logs/acceptance/2026-10-06/teacher-ppo-stability/lambda/time-equivalent/stage1000
min-std/none,/home/windsky/project/Grasp1/logs/rsl_rl/grasp1_ur5_allegro_teacher/2026-10-06_17-23-44_teacher_stability_lambda_time-equivalent_stage500,/home/windsky/project/Grasp1/logs/rsl_rl/grasp1_ur5_allegro_teacher/2026-10-06_17-23-44_teacher_stability_lambda_time-equivalent_stage500/model_499.pt,500,32768000,True,-2.3473376131732948e-05,0.0010174224153161049,17.990713119506836,273.1656494140625,76894.7734375,0.0,0.07904755748401988,0.6254563654119318,3.1415927410125732,0.0038094062805175783,0.05346035957336426,1148.00439453125,5989.125,True,1894.728445773988,completed,True,True,-13.46163893222809,-14.215058766546846,1025.6344833374023,0.761418629437685,-0.0018757592333713546,27.390156269073486,0.0056525906547904015,0.0005,0.848602831363678,0.5604082345962524,0.875345766544342,0.9766019582748413,17369.100442763793,5989.125,1,500,500,/home/windsky/project/Grasp1/logs/acceptance/2026-10-06/teacher-ppo-stability/lambda/time-equivalent/stage500
selected-config,/home/windsky/project/Grasp1/logs/rsl_rl/grasp1_ur5_allegro_teacher/2026-10-06_19-55-10_teacher_stable_stage500,/home/windsky/project/Grasp1/logs/rsl_rl/grasp1_ur5_allegro_teacher/2026-10-06_19-55-10_teacher_stable_stage500/model_99.pt,100,6553600,True,-2.3473376131732948e-05,0.0010107591515406966,11.852428436279297,64.31245422363281,76894.7734375,0.0,0.0160226093639027,0.6194668856534091,3.1415927410125732,0.002466198964552446,0.024706656113266945,1148.00439453125,5989.125,True,384.6192675479979,completed,True,True,-17.94487338066101,-17.587316718053817,1025.6344833374023,2.5301609486341476,-0.0011950297775911167,30.737712025642395,0.003013639012351632,0.0005,0.9788825511932373,0.9039620161056519,0.9876850247383118,1.0261784791946411,17140.22043448101,5989.125,1,100,100,
selected-config,/home/windsky/project/Grasp1/logs/rsl_rl/grasp1_ur5_allegro_teacher/2026-10-06_20-39-27_teacher_stable_stage1000,/home/windsky/project/Grasp1/logs/rsl_rl/grasp1_ur5_allegro_teacher/2026-10-06_20-39-27_teacher_stable_stage1000/model_999.pt,1000,65536000,True,-1.9940036509069614e-05,0.0010153665207326412,22.302494049072266,36.88542938232422,76886.3359375,0.0,0.15705580277876421,0.8017984730113636,3.1415927410125732,0.0068679337935014205,0.1735873520374298,1148.00439453125,5989.125,False,1800.5259125459997,completed,True,True,-14.440556344985962,-14.9353577317819,660.216552734375,4.0488829761743546,-0.0018855148227885365,24.647289633750916,0.003798861987888813,0.0005,0.769615888595581,0.3197285234928131,0.8083394765853882,1.0349462032318115,18275.895221209903,5989.125,501,1000,500,
selected-config,/home/windsky/project/Grasp1/logs/rsl_rl/grasp1_ur5_allegro_teacher/2026-10-06_21-21-18_teacher_stable_stage2000,/home/windsky/project/Grasp1/logs/rsl_rl/grasp1_ur5_allegro_teacher/2026-10-06_21-21-18_teacher_stable_stage2000/model_1999.pt,2000,131072000,True,-4.3369276681914926e-05,0.0010337356943637133,25.22769546508789,406.5439758300781,87394.546875,0.0,0.26577724838256833,0.9410484730113636,3.1415927410125732,0.010748510880903764,0.28533706068992615,1148.00439453125,5989.125,False,3600.9971025039995,completed,True,True,-46.059965357780456,-54.52913854241669,4984.834808349609,1420.0894355773926,0.016311020575813018,20.990854144096375,0.05966300517320633,0.0005,0.6733084917068481,0.2292424440383911,0.6914753317832947,0.9461291432380676,18365.38578027403,5989.125,1001,2000,1000,
selected-config,/home/windsky/project/Grasp1/logs/rsl_rl/grasp1_ur5_allegro_teacher/2026-10-06_19-55-10_teacher_stable_stage500,/home/windsky/project/Grasp1/logs/rsl_rl/grasp1_ur5_allegro_teacher/2026-10-06_19-55-10_teacher_stable_stage500/model_499.pt,500,32768000,True,-2.3473376131732948e-05,0.0010174224153161049,17.990713119506836,273.1656494140625,76894.7734375,0.0,0.07904755748401988,0.6254563654119318,3.1415927410125732,0.0038094062805175783,0.05346035957336426,1148.00439453125,5989.125,True,1887.266073420993,completed,True,True,-13.46163893222809,-14.215058766546846,1025.6344833374023,0.761418629437685,-0.0018757592333713546,27.390156269073486,0.0056525906547904015,0.0005,0.848602831363678,0.5604082345962524,0.875345766544342,0.9766019582748413,17438.09363673174,5989.125,1,500,500,
