object,attempts,successes,failures,success_rate,source_successes,strict_successes,source_success_rate
DrinkBottle_blue_1ef,3,0,3,0.0,0,0,0.0
Camera_brown,3,0,3,0.0,0,0,0.0
Knife,3,0,3,0.0,0,0,0.0
Mug_yellow_18,3,0,3,0.0,0,0,0.0
Purse_red_f58,3,0,3,0.0,0,0,0.0
Red_bottle,3,0,3,0.0,0,0,0.0
WineGlass_gray_9d,3,0,3,0.0,0,0,0.0
CellPhone_4e,3,0,3,0.0,0,0,0.0
Teapot_blue_high_3d2,3,0,3,0.0,0,0,0.0
Gun,3,0,3,0.0,0,0,0.0
Donut,3,0,3,0.0,0,0,0.0
Plate_gold_69,3,0,3,0.0,0,0,0.0
Red_scissor,3,0,3,0.0,0,0,0.0
Mug_gray_d7,3,0,3,0.0,0,0,0.0
Stapler_gray_d9,3,0,3,0.0,0,0,0.0
Blue_teapot,3,0,3,0.0,0,0,0.0
Purse_brown_d58,3,1,2,0.3333333333333333,1,1,0.3333333333333333
Wine_glass2_1_blue,3,0,3,0.0,0,0,0.0
Mug_8b_red,3,0,3,0.0,0,0,0.0
Bear_34,3,0,3,0.0,0,0,0.0
Camera_yellow,3,0,3,0.0,0,0,0.0
Hammer_40,3,1,2,0.3333333333333333,1,1,0.3333333333333333
Black_mug,3,0,3,0.0,0,0,0.0
Teapot_brown,3,0,3,0.0,0,0,0.0
Wine_glass_body_blue,3,0,3,0.0,0,0,0.0
Red_chair,3,0,3,0.0,0,0,0.0
Watch_9f,3,0,3,0.0,0,0,0.0
Pan_gray,3,0,3,0.0,0,0,0.0
Blue_camera,3,0,3,0.0,0,0,0.0
Vase_red_a1,3,0,3,0.0,0,0,0.0
