timestamp, memory.used [MiB], utilization.gpu [%]
2026/10/02 20:00:11.105, 15 MiB, 0 %
2026/10/02 20:00:12.107, 177 MiB, 0 %
2026/10/02 20:00:13.107, 177 MiB, 0 %
2026/10/02 20:00:14.107, 209 MiB, 0 %
2026/10/02 20:00:15.107, 278 MiB, 0 %
2026/10/02 20:00:16.108, 256 MiB, 0 %
2026/10/02 20:00:17.108, 256 MiB, 0 %
2026/10/02 20:00:18.108, 256 MiB, 0 %
2026/10/02 20:00:19.108, 256 MiB, 0 %
2026/10/02 20:00:20.109, 2416 MiB, 3 %
2026/10/02 20:00:21.109, 2450 MiB, 42 %
2026/10/02 20:00:22.109, 2450 MiB, 55 %
2026/10/02 20:00:23.109, 2450 MiB, 57 %
2026/10/02 20:00:24.110, 2450 MiB, 54 %
2026/10/02 20:00:25.110, 2450 MiB, 60 %
2026/10/02 20:00:26.110, 2450 MiB, 64 %
2026/10/02 20:00:27.110, 2450 MiB, 69 %
2026/10/02 20:00:28.110, 2450 MiB, 63 %
2026/10/02 20:00:29.111, 2450 MiB, 67 %
2026/10/02 20:00:30.111, 2450 MiB, 54 %
2026/10/02 20:00:31.111, 978 MiB, 18 %
