group,object,protocol,planned_rounds,actual_attempts,source_success,active_height_success,paper_stable_success,status,reason
E1,Bear_34,source_timing_20_20_ramp16,3,0,,,,not_run,Phase2 physics gate failed; no formal candidate checkpoint
E1,Black_mug,source_timing_20_20_ramp16,3,0,,,,not_run,Phase2 physics gate failed; no formal candidate checkpoint
E1,Blue_camera,source_timing_20_20_ramp16,3,0,,,,not_run,Phase2 physics gate failed; no formal candidate checkpoint
E1,Blue_teapot,source_timing_20_20_ramp16,3,0,,,,not_run,Phase2 physics gate failed; no formal candidate checkpoint
E1,Camera_brown,source_timing_20_20_ramp16,3,0,,,,not_run,Phase2 physics gate failed; no formal candidate checkpoint
E1,Camera_yellow,source_timing_20_20_ramp16,3,0,,,,not_run,Phase2 physics gate failed; no formal candidate checkpoint
E1,CellPhone_4e,source_timing_20_20_ramp16,3,0,,,,not_run,Phase2 physics gate failed; no formal candidate checkpoint
E1,Donut,source_timing_20_20_ramp16,3,0,,,,not_run,Phase2 physics gate failed; no formal candidate checkpoint
E1,DrinkBottle_blue_1ef,source_timing_20_20_ramp16,3,0,,,,not_run,Phase2 physics gate failed; no formal candidate checkpoint
E1,Gun,source_timing_20_20_ramp16,3,0,,,,not_run,Phase2 physics gate failed; no formal candidate checkpoint
E1,Hammer_40,source_timing_20_20_ramp16,3,0,,,,not_run,Phase2 physics gate failed; no formal candidate checkpoint
E1,Knife,source_timing_20_20_ramp16,3,0,,,,not_run,Phase2 physics gate failed; no formal candidate checkpoint
E1,Mug_8b_red,source_timing_20_20_ramp16,3,0,,,,not_run,Phase2 physics gate failed; no formal candidate checkpoint
E1,Mug_gray_d7,source_timing_20_20_ramp16,3,0,,,,not_run,Phase2 physics gate failed; no formal candidate checkpoint
E1,Mug_yellow_18,source_timing_20_20_ramp16,3,0,,,,not_run,Phase2 physics gate failed; no formal candidate checkpoint
E1,Pan_gray,source_timing_20_20_ramp16,3,0,,,,not_run,Phase2 physics gate failed; no formal candidate checkpoint
E1,Plate_gold_69,source_timing_20_20_ramp16,3,0,,,,not_run,Phase2 physics gate failed; no formal candidate checkpoint
E1,Purse_brown_d58,source_timing_20_20_ramp16,3,0,,,,not_run,Phase2 physics gate failed; no formal candidate checkpoint
E1,Purse_red_f58,source_timing_20_20_ramp16,3,0,,,,not_run,Phase2 physics gate failed; no formal candidate checkpoint
E1,Red_bottle,source_timing_20_20_ramp16,3,0,,,,not_run,Phase2 physics gate failed; no formal candidate checkpoint
E1,Red_chair,source_timing_20_20_ramp16,3,0,,,,not_run,Phase2 physics gate failed; no formal candidate checkpoint
E1,Red_scissor,source_timing_20_20_ramp16,3,0,,,,not_run,Phase2 physics gate failed; no formal candidate checkpoint
E1,Stapler_gray_d9,source_timing_20_20_ramp16,3,0,,,,not_run,Phase2 physics gate failed; no formal candidate checkpoint
E1,Teapot_blue_high_3d2,source_timing_20_20_ramp16,3,0,,,,not_run,Phase2 physics gate failed; no formal candidate checkpoint
E1,Teapot_brown,source_timing_20_20_ramp16,3,0,,,,not_run,Phase2 physics gate failed; no formal candidate checkpoint
E1,Vase_red_a1,source_timing_20_20_ramp16,3,0,,,,not_run,Phase2 physics gate failed; no formal candidate checkpoint
E1,Watch_9f,source_timing_20_20_ramp16,3,0,,,,not_run,Phase2 physics gate failed; no formal candidate checkpoint
E1,WineGlass_gray_9d,source_timing_20_20_ramp16,3,0,,,,not_run,Phase2 physics gate failed; no formal candidate checkpoint
E1,Wine_glass2_1_blue,source_timing_20_20_ramp16,3,0,,,,not_run,Phase2 physics gate failed; no formal candidate checkpoint
E1,Wine_glass_body_blue,source_timing_20_20_ramp16,3,0,,,,not_run,Phase2 physics gate failed; no formal candidate checkpoint
E2,Bear_34,source_timing_20_20_ramp16,3,0,,,,not_run,Phase2 physics gate failed; no formal candidate checkpoint
E2,Black_mug,source_timing_20_20_ramp16,3,0,,,,not_run,Phase2 physics gate failed; no formal candidate checkpoint
E2,Blue_camera,source_timing_20_20_ramp16,3,0,,,,not_run,Phase2 physics gate failed; no formal candidate checkpoint
E2,Blue_teapot,source_timing_20_20_ramp16,3,0,,,,not_run,Phase2 physics gate failed; no formal candidate checkpoint
E2,Camera_brown,source_timing_20_20_ramp16,3,0,,,,not_run,Phase2 physics gate failed; no formal candidate checkpoint
E2,Camera_yellow,source_timing_20_20_ramp16,3,0,,,,not_run,Phase2 physics gate failed; no formal candidate checkpoint
E2,CellPhone_4e,source_timing_20_20_ramp16,3,0,,,,not_run,Phase2 physics gate failed; no formal candidate checkpoint
E2,Donut,source_timing_20_20_ramp16,3,0,,,,not_run,Phase2 physics gate failed; no formal candidate checkpoint
E2,DrinkBottle_blue_1ef,source_timing_20_20_ramp16,3,0,,,,not_run,Phase2 physics gate failed; no formal candidate checkpoint
E2,Gun,source_timing_20_20_ramp16,3,0,,,,not_run,Phase2 physics gate failed; no formal candidate checkpoint
E2,Hammer_40,source_timing_20_20_ramp16,3,0,,,,not_run,Phase2 physics gate failed; no formal candidate checkpoint
E2,Knife,source_timing_20_20_ramp16,3,0,,,,not_run,Phase2 physics gate failed; no formal candidate checkpoint
E2,Mug_8b_red,source_timing_20_20_ramp16,3,0,,,,not_run,Phase2 physics gate failed; no formal candidate checkpoint
E2,Mug_gray_d7,source_timing_20_20_ramp16,3,0,,,,not_run,Phase2 physics gate failed; no formal candidate checkpoint
E2,Mug_yellow_18,source_timing_20_20_ramp16,3,0,,,,not_run,Phase2 physics gate failed; no formal candidate checkpoint
E2,Pan_gray,source_timing_20_20_ramp16,3,0,,,,not_run,Phase2 physics gate failed; no formal candidate checkpoint
E2,Plate_gold_69,source_timing_20_20_ramp16,3,0,,,,not_run,Phase2 physics gate failed; no formal candidate checkpoint
E2,Purse_brown_d58,source_timing_20_20_ramp16,3,0,,,,not_run,Phase2 physics gate failed; no formal candidate checkpoint
E2,Purse_red_f58,source_timing_20_20_ramp16,3,0,,,,not_run,Phase2 physics gate failed; no formal candidate checkpoint
E2,Red_bottle,source_timing_20_20_ramp16,3,0,,,,not_run,Phase2 physics gate failed; no formal candidate checkpoint
E2,Red_chair,source_timing_20_20_ramp16,3,0,,,,not_run,Phase2 physics gate failed; no formal candidate checkpoint
E2,Red_scissor,source_timing_20_20_ramp16,3,0,,,,not_run,Phase2 physics gate failed; no formal candidate checkpoint
E2,Stapler_gray_d9,source_timing_20_20_ramp16,3,0,,,,not_run,Phase2 physics gate failed; no formal candidate checkpoint
E2,Teapot_blue_high_3d2,source_timing_20_20_ramp16,3,0,,,,not_run,Phase2 physics gate failed; no formal candidate checkpoint
E2,Teapot_brown,source_timing_20_20_ramp16,3,0,,,,not_run,Phase2 physics gate failed; no formal candidate checkpoint
E2,Vase_red_a1,source_timing_20_20_ramp16,3,0,,,,not_run,Phase2 physics gate failed; no formal candidate checkpoint
E2,Watch_9f,source_timing_20_20_ramp16,3,0,,,,not_run,Phase2 physics gate failed; no formal candidate checkpoint
E2,WineGlass_gray_9d,source_timing_20_20_ramp16,3,0,,,,not_run,Phase2 physics gate failed; no formal candidate checkpoint
E2,Wine_glass2_1_blue,source_timing_20_20_ramp16,3,0,,,,not_run,Phase2 physics gate failed; no formal candidate checkpoint
E2,Wine_glass_body_blue,source_timing_20_20_ramp16,3,0,,,,not_run,Phase2 physics gate failed; no formal candidate checkpoint
E3,Bear_34,source_timing_20_20_ramp16,3,0,,,,not_run,Phase2 physics gate failed; no formal candidate checkpoint
E3,Black_mug,source_timing_20_20_ramp16,3,0,,,,not_run,Phase2 physics gate failed; no formal candidate checkpoint
E3,Blue_camera,source_timing_20_20_ramp16,3,0,,,,not_run,Phase2 physics gate failed; no formal candidate checkpoint
E3,Blue_teapot,source_timing_20_20_ramp16,3,0,,,,not_run,Phase2 physics gate failed; no formal candidate checkpoint
E3,Camera_brown,source_timing_20_20_ramp16,3,0,,,,not_run,Phase2 physics gate failed; no formal candidate checkpoint
E3,Camera_yellow,source_timing_20_20_ramp16,3,0,,,,not_run,Phase2 physics gate failed; no formal candidate checkpoint
E3,CellPhone_4e,source_timing_20_20_ramp16,3,0,,,,not_run,Phase2 physics gate failed; no formal candidate checkpoint
E3,Donut,source_timing_20_20_ramp16,3,0,,,,not_run,Phase2 physics gate failed; no formal candidate checkpoint
E3,DrinkBottle_blue_1ef,source_timing_20_20_ramp16,3,0,,,,not_run,Phase2 physics gate failed; no formal candidate checkpoint
E3,Gun,source_timing_20_20_ramp16,3,0,,,,not_run,Phase2 physics gate failed; no formal candidate checkpoint
E3,Hammer_40,source_timing_20_20_ramp16,3,0,,,,not_run,Phase2 physics gate failed; no formal candidate checkpoint
E3,Knife,source_timing_20_20_ramp16,3,0,,,,not_run,Phase2 physics gate failed; no formal candidate checkpoint
E3,Mug_8b_red,source_timing_20_20_ramp16,3,0,,,,not_run,Phase2 physics gate failed; no formal candidate checkpoint
E3,Mug_gray_d7,source_timing_20_20_ramp16,3,0,,,,not_run,Phase2 physics gate failed; no formal candidate checkpoint
E3,Mug_yellow_18,source_timing_20_20_ramp16,3,0,,,,not_run,Phase2 physics gate failed; no formal candidate checkpoint
E3,Pan_gray,source_timing_20_20_ramp16,3,0,,,,not_run,Phase2 physics gate failed; no formal candidate checkpoint
E3,Plate_gold_69,source_timing_20_20_ramp16,3,0,,,,not_run,Phase2 physics gate failed; no formal candidate checkpoint
E3,Purse_brown_d58,source_timing_20_20_ramp16,3,0,,,,not_run,Phase2 physics gate failed; no formal candidate checkpoint
E3,Purse_red_f58,source_timing_20_20_ramp16,3,0,,,,not_run,Phase2 physics gate failed; no formal candidate checkpoint
E3,Red_bottle,source_timing_20_20_ramp16,3,0,,,,not_run,Phase2 physics gate failed; no formal candidate checkpoint
E3,Red_chair,source_timing_20_20_ramp16,3,0,,,,not_run,Phase2 physics gate failed; no formal candidate checkpoint
E3,Red_scissor,source_timing_20_20_ramp16,3,0,,,,not_run,Phase2 physics gate failed; no formal candidate checkpoint
E3,Stapler_gray_d9,source_timing_20_20_ramp16,3,0,,,,not_run,Phase2 physics gate failed; no formal candidate checkpoint
E3,Teapot_blue_high_3d2,source_timing_20_20_ramp16,3,0,,,,not_run,Phase2 physics gate failed; no formal candidate checkpoint
E3,Teapot_brown,source_timing_20_20_ramp16,3,0,,,,not_run,Phase2 physics gate failed; no formal candidate checkpoint
E3,Vase_red_a1,source_timing_20_20_ramp16,3,0,,,,not_run,Phase2 physics gate failed; no formal candidate checkpoint
E3,Watch_9f,source_timing_20_20_ramp16,3,0,,,,not_run,Phase2 physics gate failed; no formal candidate checkpoint
E3,WineGlass_gray_9d,source_timing_20_20_ramp16,3,0,,,,not_run,Phase2 physics gate failed; no formal candidate checkpoint
E3,Wine_glass2_1_blue,source_timing_20_20_ramp16,3,0,,,,not_run,Phase2 physics gate failed; no formal candidate checkpoint
E3,Wine_glass_body_blue,source_timing_20_20_ramp16,3,0,,,,not_run,Phase2 physics gate failed; no formal candidate checkpoint
E4,Bear_34,source_timing_20_20_ramp16,3,0,,,,not_run,Phase2 physics gate failed; no formal candidate checkpoint
E4,Black_mug,source_timing_20_20_ramp16,3,0,,,,not_run,Phase2 physics gate failed; no formal candidate checkpoint
E4,Blue_camera,source_timing_20_20_ramp16,3,0,,,,not_run,Phase2 physics gate failed; no formal candidate checkpoint
E4,Blue_teapot,source_timing_20_20_ramp16,3,0,,,,not_run,Phase2 physics gate failed; no formal candidate checkpoint
E4,Camera_brown,source_timing_20_20_ramp16,3,0,,,,not_run,Phase2 physics gate failed; no formal candidate checkpoint
E4,Camera_yellow,source_timing_20_20_ramp16,3,0,,,,not_run,Phase2 physics gate failed; no formal candidate checkpoint
E4,CellPhone_4e,source_timing_20_20_ramp16,3,0,,,,not_run,Phase2 physics gate failed; no formal candidate checkpoint
E4,Donut,source_timing_20_20_ramp16,3,0,,,,not_run,Phase2 physics gate failed; no formal candidate checkpoint
E4,DrinkBottle_blue_1ef,source_timing_20_20_ramp16,3,0,,,,not_run,Phase2 physics gate failed; no formal candidate checkpoint
E4,Gun,source_timing_20_20_ramp16,3,0,,,,not_run,Phase2 physics gate failed; no formal candidate checkpoint
E4,Hammer_40,source_timing_20_20_ramp16,3,0,,,,not_run,Phase2 physics gate failed; no formal candidate checkpoint
E4,Knife,source_timing_20_20_ramp16,3,0,,,,not_run,Phase2 physics gate failed; no formal candidate checkpoint
E4,Mug_8b_red,source_timing_20_20_ramp16,3,0,,,,not_run,Phase2 physics gate failed; no formal candidate checkpoint
E4,Mug_gray_d7,source_timing_20_20_ramp16,3,0,,,,not_run,Phase2 physics gate failed; no formal candidate checkpoint
E4,Mug_yellow_18,source_timing_20_20_ramp16,3,0,,,,not_run,Phase2 physics gate failed; no formal candidate checkpoint
E4,Pan_gray,source_timing_20_20_ramp16,3,0,,,,not_run,Phase2 physics gate failed; no formal candidate checkpoint
E4,Plate_gold_69,source_timing_20_20_ramp16,3,0,,,,not_run,Phase2 physics gate failed; no formal candidate checkpoint
E4,Purse_brown_d58,source_timing_20_20_ramp16,3,0,,,,not_run,Phase2 physics gate failed; no formal candidate checkpoint
E4,Purse_red_f58,source_timing_20_20_ramp16,3,0,,,,not_run,Phase2 physics gate failed; no formal candidate checkpoint
E4,Red_bottle,source_timing_20_20_ramp16,3,0,,,,not_run,Phase2 physics gate failed; no formal candidate checkpoint
E4,Red_chair,source_timing_20_20_ramp16,3,0,,,,not_run,Phase2 physics gate failed; no formal candidate checkpoint
E4,Red_scissor,source_timing_20_20_ramp16,3,0,,,,not_run,Phase2 physics gate failed; no formal candidate checkpoint
E4,Stapler_gray_d9,source_timing_20_20_ramp16,3,0,,,,not_run,Phase2 physics gate failed; no formal candidate checkpoint
E4,Teapot_blue_high_3d2,source_timing_20_20_ramp16,3,0,,,,not_run,Phase2 physics gate failed; no formal candidate checkpoint
E4,Teapot_brown,source_timing_20_20_ramp16,3,0,,,,not_run,Phase2 physics gate failed; no formal candidate checkpoint
E4,Vase_red_a1,source_timing_20_20_ramp16,3,0,,,,not_run,Phase2 physics gate failed; no formal candidate checkpoint
E4,Watch_9f,source_timing_20_20_ramp16,3,0,,,,not_run,Phase2 physics gate failed; no formal candidate checkpoint
E4,WineGlass_gray_9d,source_timing_20_20_ramp16,3,0,,,,not_run,Phase2 physics gate failed; no formal candidate checkpoint
E4,Wine_glass2_1_blue,source_timing_20_20_ramp16,3,0,,,,not_run,Phase2 physics gate failed; no formal candidate checkpoint
E4,Wine_glass_body_blue,source_timing_20_20_ramp16,3,0,,,,not_run,Phase2 physics gate failed; no formal candidate checkpoint
