object,pregrasp_distance_m,grasp_end_distance_m,grasp_contact_steps_above_01N,max_filtered_contact_force_N,height_gain_m
DrinkBottle_blue_1ef,0.13479015231132507,0.012078668922185898,0,0.0,-0.0005372166633605957
Camera_brown,0.12005562335252762,0.017670685425400734,0,0.0,-0.0010102391242980957
Knife,0.13487347960472107,0.015797177329659462,82,3.355485439300537,-0.004187345504760742
Mug_yellow_18,0.12347521632909775,0.022127816453576088,82,41.25011444091797,-0.00016117095947265625
Purse_red_f58,0.12390392273664474,0.014565151184797287,0,0.0,-0.06127965450286865
Red_bottle,0.0937972441315651,0.07160632312297821,0,0.0,-0.06409204006195068
WineGlass_gray_9d,0.1348065733909607,0.013894591480493546,124,18.006637573242188,-0.000948786735534668
CellPhone_4e,0.08414603024721146,0.014111942611634731,8,23.85185432434082,-0.05541718006134033
Teapot_blue_high_3d2,0.11711526662111282,0.01898556388914585,0,0.0,-0.05346435308456421
Gun,0.12197545915842056,0.01844809390604496,0,0.0,-0.0013580322265625
Donut,0.13184668123722076,0.016879655420780182,45,12.20079231262207,-5.960464477539062e-07
Plate_gold_69,0.11746063083410263,0.025114066898822784,16,35.43659210205078,-0.04573458433151245
Red_scissor,0.13182136416435242,0.014260119758546352,0,0.0,-2.980232238769531e-07
Mug_gray_d7,0.12530727684497833,0.01406402699649334,74,25.356563568115234,-0.0030134916305541992
Stapler_gray_d9,0.13858290016651154,0.017286840826272964,0,0.0,-0.0012380480766296387
Blue_teapot,0.11714622378349304,0.04512384161353111,0,0.0,-0.06192702054977417
Purse_brown_d58,0.12368395924568176,0.05953856185078621,0,0.0,-0.0405735969543457
Wine_glass2_1_blue,0.1042587012052536,0.12736669182777405,0,0.0,-0.0036287903785705566
Mug_8b_red,0.1257658302783966,0.014338325709104538,66,34.390254974365234,-0.007500708103179932
Bear_34,0.1080009862780571,0.05122961103916168,0,0.0,-0.03105461597442627
Camera_yellow,0.11059878021478653,0.018648400902748108,55,30.31903648376465,-0.04908120632171631
Hammer_40,0.1285119354724884,0.017113137990236282,116,29.907075881958008,-0.043087542057037354
Black_mug,0.0979863852262497,0.01563641056418419,0,0.0,-2.384185791015625e-07
Teapot_brown,0.12715159356594086,0.032465022057294846,0,0.0,-0.022340714931488037
Wine_glass_body_blue,0.1004960685968399,0.05648183822631836,9,0.7844516038894653,-0.044679224491119385
Red_chair,0.09118010103702545,0.018858332186937332,34,2.477416753768921,-4.172325134277344e-07
Watch_9f,0.123867467045784,0.020101819187402725,0,0.0,-0.03734302520751953
Pan_gray,0.1058550775051117,0.04256242886185646,0,0.0,-0.04948019981384277
Blue_camera,0.12844276428222656,0.021674109622836113,75,7.346192359924316,-2.980232238769531e-07
Vase_red_a1,0.13452108204364777,0.01191707793623209,0,0.0,-0.0014377236366271973
