joint,historical_policy_peak_rad_s,clamped_scale1_physics_peak_rad_s,scale025_physics_peak_rad_s,scale05_physics_peak_rad_s
shoulder_pan_joint,0.15912114083766937,0.16079024970531464,0.075985848903656,0.11438926309347153
shoulder_lift_joint,0.2191115915775299,0.21026504039764404,0.25098684430122375,0.15392430126667023
elbow_joint,1.0709667205810547,0.8954876661300659,0.2603118419647217,0.17347759008407593
wrist_1_joint,0.9630675315856934,0.7705278396606445,0.7229746580123901,0.658730685710907
wrist_2_joint,1.484889268875122,0.8744808435440063,0.5503305196762085,0.22872214019298553
wrist_3_joint,2.197380542755127,3.29850697517395,2.409311294555664,0.8424696922302246
joint_0_0,1.0665431022644043,1.1638872623443604,2.463534355163574,0.7779824733734131
joint_12_0,3.44268536567688,5.855486869812012,2.4282684326171875,2.0201258659362793
joint_4_0,1.4993038177490234,1.5819262266159058,2.163017511367798,0.6224187016487122
joint_8_0,7.089410305023193,3.4516797065734863,2.806218147277832,1.2232816219329834
joint_1_0,4.399771213531494,3.850942373275757,0.7739987373352051,1.134177327156067
joint_13_0,5.470537185668945,4.538793087005615,2.2159829139709473,2.7631144523620605
joint_5_0,4.2399749755859375,2.824355363845825,1.2542554140090942,1.573988437652588
joint_9_0,4.544755935668945,5.058030605316162,1.9711602926254272,1.5226792097091675
joint_2_0,4.081582069396973,3.9231812953948975,1.6415914297103882,2.1968448162078857
joint_14_0,16.729827880859375,20.00174331665039,6.028004169464111,13.776571273803711
joint_6_0,4.039582252502441,4.986847877502441,2.7080562114715576,3.538161277770996
joint_10_0,6.658354759216309,8.77820873260498,1.6242694854736328,3.12125825881958
joint_3_0,4.77297306060791,6.689191818237305,1.1436452865600586,3.528829574584961
joint_15_0,29.980270385742188,24.53952407836914,4.3606648445129395,21.201881408691406
joint_7_0,9.84557056427002,4.653773784637451,1.4573423862457275,2.1969423294067383
joint_11_0,14.403039932250977,7.816136360168457,4.18207311630249,4.195658206939697
